{"stats":{"minecraft:used":{"minecraft:chest":1,"minecraft:shield":14,"minecraft:orange_bed":1,"minecraft:iron_axe":22,"minecraft:cooked_beef":1,"minecraft:stone_pickaxe":50,"minecraft:blackstone":10,"supplementaries:bomb":2,"simplyswords:iron_twinblade":7,"neapolitan:banana":8,"simplyswords:iron_greathammer":83,"neapolitan:banana_bunch":10,"minecraft:iron_pickaxe":246,"neapolitan:banana_frond":3,"minecraft:stone_axe":21,"minecraft:cooked_porkchop":4},"minecraft:dropped":{"minecraft:bread":2,"minecraft:wheat_seeds":4,"minecraft:oak_log":2,"minecraft:book":6,"iceandfire:lightning_dragon_flesh":1,"minecraft:cobweb":2,"minecraft:dirt":2,"minecraft:melon_slice":4,"minecraft:chain":1,"gravestone:obituary":35,"iceandfire:crackled_grass":1,"minecraft:golden_hoe":1,"minecraft:iron_pickaxe":2,"securitycraft:sc_manual":2,"minecraft:acacia_planks":48,"minecraft:bone":2,"minecraft:moss_carpet":2,"minecraft:stone_axe":3,"supplementaries:bomb":1,"minecraft:stone_shovel":1,"minecraft:oak_planks":66,"iceandfire:crackled_gravel":19,"minecraft:potato":10,"minecraft:shield":1,"minecraft:golden_leggings":1,"iceandfire:crackled_cobblestone":30,"minecraft:oak_sapling":1,"minecraft:chest":7,"minecraft:iron_bars":15,"minecraft:stone_pickaxe":3,"iceandfire:crackled_stone":21,"iceandfire:armor_copper_metal_leggings":1,"iceandfire:manuscript":9},"minecraft:picked_up":{"minecraft:chain":2,"gravestone:obituary":16,"iceandfire:manuscript":9,"minecraft:moss_carpet":3,"minecraft:iron_axe":2,"neapolitan:banana_frond":3,"neapolitan:banana_bunch":8,"minecraft:blackstone":74,"supplementaries:bomb":1,"minecraft:sea_pickle":3,"minecraft:cobbled_deepslate":1,"minecraft:iron_pickaxe":2,"minecraft:chest":15,"minecraft:stick":5,"minecraft:raw_iron":34,"iceandfire:armor_copper_metal_leggings":1,"minecraft:copper_ingot":8,"minecraft:torch":1,"minecraft:porkchop":4,"pointblank:gunmetal_nugget":9,"iceandfire:lightning_dragon_flesh":1,"iceandfire:crackled_gravel":19,"minecraft:pointed_dripstone":2,"minecraft:orange_bed":1,"neapolitan:banana":11,"iceandfire:silver_ingot":1,"minecraft:arrow":3,"minecraft:rotten_flesh":8,"minecraft:rail":1,"minecraft:cobblestone":31,"minecraft:andesite":2,"securitycraft:sc_manual":2,"minecraft:tuff":3,"minecraft:oak_log":3,"minecraft:dirt":4,"minecraft:bone":1,"minecraft:bow":1,"minecraft:wheat_seeds":4,"minecraft:raw_gold":10,"minecraft:iron_ingot":12,"minecraft:stone_pickaxe":1,"minecraft:cobweb":6,"minecraft:moss_block":2,"minecraft:oak_planks":68,"iceandfire:crackled_cobblestone":27,"minecraft:book":2,"iceandfire:copper_nugget":486,"minecraft:amethyst_shard":4,"simplyswords:iron_greathammer":1,"minecraft:slime_ball":2,"minecraft:stone_axe":1,"minecraft:oak_sapling":2,"minecraft:coal":23,"iceandfire:raw_silver":15},"minecraft:custom":{"minecraft:mob_kills":19,"minecraft:interact_with_crafting_table":12,"minecraft:leave_game":3,"minecraft:time_since_death":1514,"minecraft:climb_one_cm":2289,"minecraft:sprint_one_cm":178398,"minecraft:walk_one_cm":321696,"minecraft:damage_blocked_by_shield":455,"minecraft:drop":106,"minecraft:talked_to_villager":2,"minecraft:sneak_time":190,"minecraft:play_time":86240,"minecraft:deaths":29,"minecraft:walk_under_water_one_cm":2605,"minecraft:jump":1284,"minecraft:walk_on_water_one_cm":5262,"minecraft:total_world_time":86240,"minecraft:interact_with_furnace":22,"minecraft:sleep_in_bed":3,"minecraft:time_since_rest":1539,"minecraft:damage_taken":7499,"minecraft:damage_dealt":4218,"minecraft:fly_one_cm":202440,"minecraft:player_kills":3,"minecraft:open_chest":10,"minecraft:crouch_one_cm":302,"minecraft:interact_with_smoker":1,"minecraft:fall_one_cm":72480,"minecraft:horse_one_cm":5367},"minecraft:mined":{"minecraft:tuff":3,"iceandfire:silver_ore":12,"iceandfire:crackled_gravel":7,"minecraft:glow_lichen":4,"gravestone:gravestone":26,"minecraft:grass_block":2,"iceandfire:deepslate_silver_ore":1,"minecraft:moss_block":2,"iceandfire:crackled_cobblestone":27,"minecraft:redstone_ore":1,"neapolitan:banana_bundle":2,"minecraft:iron_ore":23,"minecraft:cobbled_deepslate":4,"minecraft:andesite":1,"minecraft:deepslate_iron_ore":9,"minecraft:pointed_dripstone":1,"neapolitan:banana_frond":1,"minecraft:stone":13,"minecraft:acacia_leaves":5,"minecraft:blackstone":120,"minecraft:chest":7,"minecraft:dead_bush":3,"minecraft:tall_grass":16,"minecraft:deepslate_gold_ore":11,"minecraft:lapis_ore":1,"minecraft:sea_pickle":2,"neapolitan:small_banana_frond":1,"minecraft:grass":34,"minecraft:coal_ore":23,"minecraft:oak_log":1,"minecraft:dripstone_block":1,"minecraft:dirt":2,"minecraft:smooth_basalt":2,"minecraft:gold_ore":2,"minecraft:oak_leaves":11,"minecraft:deepslate":14,"minecraft:fern":1},"minecraft:killed":{"minecraft:spider":1,"enemyexpansion:direwolf":1,"naturalist:snail":1,"minecraft:skeleton":2,"neapolitan:chimpanzee":7,"minecraft:zombie":6,"enemyexpansion:huntsman":1},"minecraft:crafted":{"simplyswords:iron_twinblade":1,"minecraft:iron_nugget":9,"minecraft:iron_boots":1,"minecraft:iron_axe":1,"minecraft:stone_pickaxe":1,"minecraft:cooked_beef":3,"minecraft:cooked_porkchop":4,"iceandfire:silver_ingot":6,"minecraft:stone_axe":1,"simplyswords:iron_greathammer":1,"minecraft:air":0,"iceandfire:armor_silver_metal_helmet":1,"minecraft:iron_chestplate":1,"minecraft:stick":12,"minecraft:iron_pickaxe":1,"minecraft:iron_ingot":18,"minecraft:iron_leggings":1},"minecraft:killed_by":{"minecraft:player":2,"neapolitan:chimpanzee":1,"apollyon:the_damned":3,"iceandfire:lightning_dragon":16,"minecraft:zombie":1,"enemyexpansion:invisicreeper":1}},"DataVersion":3465}