{"stats":{"minecraft:killed_by":{"iceandfire:stymphalian_bird":1,"iceandfire:ice_dragon":2,"cataclysm:deepling_brute":1,"minecraft:zombie":3,"iceandfire:fire_dragon":7,"minecraft:player":12,"apollyon:the_damned":8,"enemyexpansion:botfly":1,"minecraft:guardian":2,"iceandfire:lightning_dragon":11,"enemyexpansion:direwolf":2,"iceandfire:ghost":1},"minecraft:broken":{"minecraft:iron_boots":1,"minecraft:golden_leggings":1,"minecraft:stone_axe":3,"minecraft:wooden_axe":1,"simplyswords:iron_halberd":1,"minecraft:shield":1,"minecraft:iron_axe":1,"minecraft:iron_pickaxe":1},"minecraft:used":{"minecraft:moss_carpet":1,"minecraft:bone_block":9,"minecraft:ladder":9,"minecraft:chest":12,"minecraft:shield":399,"minecraft:stone":11,"minecraft:iron_chestplate":1,"minecraft:spruce_leaves":134,"minecraft:jungle_planks":12,"minecraft:carrot":24,"travelersbackpack:iron":9,"minecraft:milk_bucket":1,"minecraft:lava_bucket":3,"minecraft:bow":9,"minecraft:furnace":4,"minecraft:potato":13,"slenderman:slenderman_spawn_egg":1,"minecraft:oak_planks":1213,"minecraft:stone_pickaxe":108,"minecraft:jungle_fence":32,"minecraft:blackstone":59,"minecraft:diamond_axe":595,"minecraft:glow_berries":11,"minecraft:sand":5,"simplyswords:iron_halberd":64,"minecraft:shears":81,"minecraft:redstone_torch":2,"neapolitan:banana_bunch":5,"iceandfire:lightning_dragon_flesh":1,"minecraft:melon_slice":46,"minecraft:bread":61,"minecraft:smithing_table":1,"minecraft:andesite":12,"minecraft:oak_fence":45,"minecraft:stone_sword":135,"minecraft:stone_shovel":262,"minecraft:cooked_chicken":13,"minecraft:orange_bed":5,"minecraft:torch":122,"minecraft:dirt":105,"minecraft:spruce_stairs":222,"minecraft:oak_wood":1,"minecraft:wooden_axe":59,"mcwbridges:oak_log_bridge_middle":4,"minecraft:iron_axe":148,"minecraft:oak_stairs":32,"minecraft:cooked_beef":13,"minecraft:cobbled_deepslate":8,"minecraft:acacia_planks":16,"mcwbridges:rope_oak_bridge":4,"minecraft:cooked_mutton":11,"iceandfire:fire_dragon_flesh":1,"iceandfire:crackled_grass":1,"minecraft:crafting_table":14,"minecraft:red_bed":2,"travelersbackpack:chicken":14,"minecraft:oak_log":1573,"minecraft:apple":1,"minecraft:iron_pickaxe":275,"minecraft:stone_slab":1,"minecraft:stone_axe":523,"minecraft:cobblestone":34,"travelersbackpack:standard":6,"minecraft:cooked_porkchop":22,"minecraft:bucket":3,"minecraft:glass_pane":155},"minecraft:crafted":{"minecraft:oak_planks":1116,"travelersbackpack:iron":1,"travelersbackpack:crafting_upgrade":1,"minecraft:cooked_chicken":13,"minecraft:cooked_mutton":11,"minecraft:iron_bars":16,"minecraft:glass":28,"minecraft:bow":1,"minecraft:iron_boots":2,"minecraft:chest":7,"mcwbridges:rope_oak_bridge":4,"minecraft:oak_fence":3,"minecraft:oak_slab":18,"pointblank:gunmetal_mesh":22,"travelersbackpack:iron_tier_upgrade":1,"minecraft:cooked_porkchop":20,"minecraft:crafting_table":12,"minecraft:spruce_planks":100,"travelersbackpack:standard":2,"minecraft:iron_helmet":1,"travelersbackpack:chicken":1,"minecraft:iron_chestplate":1,"minecraft:shield":3,"minecraft:stick":184,"minecraft:iron_ingot":15,"securitycraft:sc_manual":1,"minecraft:shears":1,"pointblank:guninternals":4,"minecraft:stone_shovel":3,"iceandfire:armor_gray_leggings":1,"minecraft:furnace":4,"minecraft:spruce_stairs":32,"minecraft:iron_axe":1,"minecraft:ladder":12,"minecraft:stone_pickaxe":1,"minecraft:jungle_fence":48,"minecraft:lead":2,"minecraft:cooked_beef":15,"pointblank:gunmetal_ingot":40,"travelersbackpack:backpack_tank":4,"minecraft:stone_axe":2,"minecraft:jungle_planks":72,"minecraft:air":0,"iceandfire:sea_serpent_arrow":4,"minecraft:oak_stairs":108,"minecraft:wooden_axe":2,"minecraft:torch":100,"minecraft:acacia_planks":112},"minecraft:dropped":{"minecraft:porkchop":8,"minecraft:lapis_lazuli":11,"minecraft:cooked_beef":5,"minecraft:oak_log":2,"minecraft:diamond":1,"minecraft:cooked_porkchop":8,"pointblank:glock17":1,"minecraft:orange_tulip":1,"iceandfire:fire_dragon_flesh":6,"minecraft:leather":3,"travelersbackpack:standard":1,"minecraft:flint":2,"iceandfire:sea_serpent_scales_red":3,"gravestone:obituary":49,"minecraft:gold_nugget":7,"anonimusmc_ben10:prototype":1,"pointblank:rhino":3,"minecraft:gravel":3,"enemyexpansion:horsehead_helmet":1,"minecraft:stone_axe":2,"minecraft:blackstone":67,"dynamictrees:oak_seed":8,"minecraft:cobbled_deepslate":4,"minecraft:rotten_flesh":8,"minecraft:oak_planks":139,"pointblank:spas12":1,"minecraft:carrot":24,"minecraft:oak_wood":4,"minecraft:blade_pottery_sherd":1,"iceandfire:crackled_cobblestone":3,"minecraft:acacia_sapling":3,"minecraft:chest":3,"minecraft:glass":3,"minecraft:arrow":1,"pointblank:ak74":1,"minecraft:acacia_fence":3,"minecraft:iron_ingot":8,"minecraft:bread":17,"minecraft:wheat_seeds":51,"minecraft:feather":4,"minecraft:oak_fence":6,"minecraft:cobblestone":63,"minecraft:book":1,"minecraft:apple":1,"minecraft:coal":1,"minecraft:cobweb":4,"iceandfire:copper_nugget":64,"minecraft:wooden_axe":1,"minecraft:melon_slice":1,"minecraft:cherry_planks":2,"minecraft:oak_stairs":40,"minecraft:wither_rose":3,"iceandfire:crackled_grass":1,"minecraft:iron_axe":1,"minecraft:orange_bed":2,"securitycraft:sc_manual":1,"minecraft:acacia_planks":32,"minecraft:moss_carpet":1,"minecraft:kelp":1,"minecraft:stone_sword":1,"minecraft:raw_copper":2,"minecraft:tuff":5,"minecraft:raw_iron":6,"minecraft:stone_shovel":2,"pointblank:gunmetal_nugget":2,"minecraft:shield":3,"iceandfire:sea_serpent_arrow":4,"minecraft:allium":2,"minecraft:iron_chestplate":1,"minecraft:diamond_pickaxe":1,"minecraft:miner_pottery_sherd":1,"minecraft:spruce_log":9,"iceandfire:fire_dragon_heart":1,"minecraft:stone_pickaxe":3,"iceandfire:sea_serpent_fang":3,"minecraft:heartbreak_pottery_sherd":1},"minecraft:killed":{"naturalist:zebra":1,"minecraft:zombified_piglin":4,"enemyexpansion:equestrian":2,"minecraft:spider":2,"naturalist:robin":1,"naturalist:snail":1,"minecraft:skeleton":6,"minecraft:silverfish":2,"neapolitan:chimpanzee":2,"minecraft:magma_cube":1,"minecraft:pig":7,"minecraft:creeper":4,"naturalist:rhino":2,"minecraft:sheep":4,"minecraft:pillager":5,"minecraft:zombie":16,"enemyexpansion:botfly":4,"iceandfire:lightning_dragon":1,"apollyon:the_damned":7,"minecraft:blaze":2,"iceandfire:sea_serpent":1,"minecraft:cow":5,"naturalist:lion":2,"minecraft:slime":1,"enemyexpansion:direwolf":9,"naturalist:giraffe":1,"naturalist:vulture":1,"enemyexpansion:huntsman":1,"iceandfire:ice_dragon":1,"minecraft:wither_skeleton":4,"minecraft:enderman":1,"enemyexpansion:slugger":3},"minecraft:picked_up":{"minecraft:iron_chestplate":1,"minecraft:wheat":8,"pointblank:spas12":2,"minecraft:lead":1,"minecraft:smithing_table":1,"minecraft:stone_slab":2,"minecraft:oak_stairs":11,"pointblank:ammo357":5,"minecraft:wither_rose":8,"iceandfire:manuscript":9,"minecraft:string":81,"minecraft:raw_copper":43,"iceandfire:sea_serpent_scales_teal":2,"neapolitan:banana_bunch":13,"minecraft:beetroot":4,"pointblank:ak74":2,"minecraft:cobbled_deepslate":27,"minecraft:gold_nugget":38,"mcwbridges:oak_log_bridge_middle":4,"minecraft:spruce_planks":28,"minecraft:redstone_torch":1,"minecraft:azalea":8,"dynamictrees:oak_seed":8,"minecraft:iron_pickaxe":4,"minecraft:melon_slice":59,"minecraft:stick":87,"minecraft:jungle_door":1,"minecraft:acacia_fence":3,"iceandfire:armor_copper_metal_leggings":1,"minecraft:oak_fence":8,"minecraft:torch":20,"minecraft:acacia_log":26,"minecraft:green_bed":2,"minecraft:spruce_stairs":85,"minecraft:porkchop":17,"iceandfire:lightning_dragon_flesh":2,"iceandfire:crackled_gravel":3,"minecraft:orange_bed":7,"neapolitan:banana":11,"minecraft:rotten_flesh":39,"pointblank:foregrip":1,"pointblank:holographic":1,"iceandfire:fire_dragon_heart":1,"travelersbackpack:chicken":1,"iceandfire:crackled_grass":4,"supplementaries:ash":8,"minecraft:cod":1,"minecraft:iron_bars":15,"minecraft:cobblestone":141,"iceandfire:sapphire_gem":2,"minecraft:cooked_beef":5,"minecraft:feather":7,"minecraft:lilac":1,"minecraft:cherry_planks":2,"minecraft:andesite":13,"minecraft:jungle_log":18,"minecraft:golden_leggings":1,"minecraft:smoker":1,"minecraft:potato":34,"minecraft:flint":5,"minecraft:tuff":6,"slenderman:slenderman_spawn_egg":1,"minecraft:lapis_lazuli":11,"minecraft:dirt":124,"minecraft:bone":18,"minecraft:glass":2,"minecraft:acacia_planks":82,"minecraft:wheat_seeds":66,"minecraft:orange_tulip":1,"minecraft:raw_gold":6,"pointblank:ammo12gauge":1,"naturalist:snail_shell":1,"minecraft:oak_planks":256,"minecraft:cooked_porkchop":14,"minecraft:sand":55,"minecraft:jungle_planks":7,"dynamictrees:acacia_seed":5,"iceandfire:stymphalian_bird_feather":13,"simplyswords:iron_greathammer":1,"naturalist:antler":1,"minecraft:diamond":6,"iceandfire:crackled_stone":42,"minecraft:miner_pottery_sherd":1,"minecraft:emerald":6,"minecraft:bread":11,"minecraft:oak_sapling":10,"minecraft:netherrack":7,"iceandfire:silver_nugget":4,"iceandfire:raw_silver":3,"minecraft:diamond_pickaxe":1,"minecraft:spruce_leaves":181,"minecraft:coarse_dirt":1,"minecraft:crafting_table":4,"minecraft:allium":2,"iceandfire:witherbone":2,"minecraft:chicken":7,"naturalist:venison":1,"ecologics:seashell":1,"pointblank:ar_muzzlebrake":1,"minecraft:chain":1,"gravestone:obituary":25,"minecraft:shield":3,"minecraft:red_bed":3,"minecraft:moss_carpet":5,"minecraft:iron_axe":1,"neapolitan:banana_frond":7,"minecraft:blackstone":70,"minecraft:glass_pane":32,"pointblank:rhino":3,"minecraft:beef":15,"iceandfire:sea_serpent_arrow":4,"minecraft:iron_nugget":23,"minecraft:poppy":1,"minecraft:light_gray_wool":1,"minecraft:chest":19,"minecraft:egg":2,"minecraft:raw_iron":16,"iceandfire:dragonbone":2,"iceandfire:dragonscales_gray":9,"minecraft:copper_ingot":49,"simplyswords:iron_halberd":1,"pointblank:gunmetal_nugget":88,"minecraft:carrot":51,"minecraft:redstone":17,"minecraft:weeping_vines":1,"minecraft:stone_shovel":2,"minecraft:arrow":15,"minecraft:golden_hoe":1,"minecraft:nether_bricks":3,"minecraft:gold_ingot":4,"minecraft:mutton":11,"minecraft:bone_block":9,"minecraft:white_wool":12,"minecraft:heartbreak_pottery_sherd":1,"minecraft:basalt":1,"iceandfire:sea_serpent_fang":6,"enemyexpansion:horsehead_helmet":1,"minecraft:leather":16,"minecraft:jungle_fence":1,"minecraft:acacia_wood":2,"securitycraft:sc_manual":1,"minecraft:oak_log":600,"minecraft:gunpowder":15,"minecraft:white_banner":2,"minecraft:apple":1,"neapolitan:ice_cubes":2,"minecraft:kelp":1,"minecraft:iron_ingot":3,"minecraft:stone_pickaxe":6,"minecraft:cobweb":9,"minecraft:blade_pottery_sherd":1,"anonimusmc_ben10:prototype":1,"iceandfire:fire_dragon_flesh":12,"travelersbackpack:blank_upgrade":2,"minecraft:acacia_sapling":7,"iceandfire:crackled_cobblestone":6,"minecraft:book":8,"iceandfire:copper_nugget":322,"pointblank:glock17":1,"iceandfire:ash":8,"minecraft:quartz":4,"minecraft:dripstone_block":1,"minecraft:gravel":33,"minecraft:amethyst_shard":2,"minecraft:spruce_log":28,"minecraft:spider_eye":1,"travelersbackpack:standard":1,"minecraft:oak_wood":1,"minecraft:slime_ball":2,"minecraft:stone_axe":2,"dynamictrees:jungle_seed":1,"minecraft:diamond_axe":1,"iceandfire:sea_serpent_scales_red":5,"minecraft:melon_seeds":1,"minecraft:black_wool":1,"minecraft:coal":54},"minecraft:mined":{"minecraft:acacia_log":15,"minecraft:grass_block":66,"iceandfire:crackled_cobblestone":3,"minecraft:iron_ore":3,"minecraft:cobbled_deepslate":11,"minecraft:fire":11,"minecraft:moss_carpet":1,"minecraft:pointed_dripstone":2,"minecraft:flowering_azalea_leaves":24,"minecraft:oak_stairs":12,"dynamictrees:jungle_undergrowth_leaves":1,"minecraft:azalea_leaves":106,"minecraft:azalea":1,"dynamictrees:jungle_leaves":1,"minecraft:green_bed":2,"minecraft:tripwire":1,"minecraft:orange_bed":5,"minecraft:deepslate_redstone_ore":4,"minecraft:jungle_door":1,"minecraft:red_bed":2,"minecraft:blackstone":49,"minecraft:smoker":1,"minecraft:soul_fire":2,"minecraft:torch":5,"minecraft:poppy":1,"minecraft:melon":9,"minecraft:chest":5,"minecraft:dead_bush":2,"iceandfire:sapphire_ore":2,"minecraft:cobblestone":4,"minecraft:oak_planks":106,"minecraft:wall_torch":2,"ecologics:seashell":1,"iceandfire:crackled_stone":21,"neapolitan:small_banana_frond":4,"minecraft:wheat":9,"minecraft:lilac":1,"minecraft:birch_door":1,"minecraft:orange_tulip":1,"minecraft:wither_rose":2,"minecraft:grass":102,"minecraft:oak_log":471,"minecraft:beetroots":4,"minecraft:acacia_fence":3,"minecraft:sand":64,"minecraft:dirt":46,"minecraft:netherrack":3,"minecraft:deepslate":8,"minecraft:oak_leaves":93,"minecraft:nether_gold_ore":5,"minecraft:tuff":5,"iceandfire:silver_ore":1,"minecraft:deepslate_diamond_ore":4,"iceandfire:crackled_gravel":1,"minecraft:glow_lichen":2,"gravestone:gravestone":45,"minecraft:allium":1,"minecraft:decorated_pot":2,"minecraft:jungle_planks":10,"minecraft:spruce_leaves":86,"minecraft:kelp":1,"minecraft:large_fern":3,"neapolitan:banana_bundle":3,"minecraft:carrots":6,"dynamictrees:oak_undergrowth_leaves":1,"iceandfire:crackled_grass":2,"minecraft:acacia_wood":2,"neapolitan:banana_stalk":1,"minecraft:potatoes":6,"minecraft:deepslate_iron_ore":2,"neapolitan:banana_frond":2,"minecraft:vine":2,"minecraft:stone":136,"minecraft:bone_block":11,"minecraft:white_wool":2,"minecraft:smithing_table":1,"minecraft:acacia_leaves":60,"minecraft:glass_pane":3,"minecraft:cherry_planks":1,"minecraft:oak_fence":7,"minecraft:crafting_table":3,"minecraft:oak_wood":1,"minecraft:rose_bush":1,"minecraft:stone_slab":6,"minecraft:copper_ore":12,"minecraft:tall_grass":48,"minecraft:lapis_ore":1,"minecraft:deepslate_gold_ore":4,"mcwbridges:oak_log_bridge_middle":4,"supplementaries:urn":7,"minecraft:spruce_stairs":89,"minecraft:coarse_dirt":1,"minecraft:ice":2,"minecraft:spruce_log":22,"minecraft:birch_leaves":1,"minecraft:jungle_fence":2,"iceandfire:ash":8,"minecraft:coal_ore":35,"minecraft:gravel":12,"minecraft:cobweb":16,"neapolitan:large_banana_frond":1,"minecraft:acacia_planks":1,"minecraft:fern":9},"minecraft:custom":{"minecraft:animals_bred":3,"minecraft:interact_with_crafting_table":188,"minecraft:open_barrel":1,"minecraft:bell_ring":1,"minecraft:leave_game":8,"minecraft:time_since_death":0,"minecraft:sprint_one_cm":1169653,"minecraft:damage_blocked_by_shield":5773,"minecraft:drop":191,"minecraft:talked_to_villager":4,"minecraft:play_time":1292748,"minecraft:deaths":60,"minecraft:jump":11595,"minecraft:interact_with_brewingstand":1,"minecraft:walk_on_water_one_cm":81677,"minecraft:interact_with_furnace":86,"minecraft:interact_with_cartography_table":2,"minecraft:sleep_in_bed":10,"minecraft:damage_dealt":20897,"minecraft:player_kills":4,"minecraft:crouch_one_cm":155197,"minecraft:interact_with_smoker":18,"minecraft:interact_with_smithing_table":10,"minecraft:mob_kills":110,"minecraft:climb_one_cm":5743,"minecraft:walk_one_cm":1828558,"minecraft:raid_win":1,"minecraft:sneak_time":47225,"minecraft:walk_under_water_one_cm":102813,"minecraft:interact_with_blast_furnace":10,"minecraft:total_world_time":1292748,"minecraft:interact_with_grindstone":3,"minecraft:time_since_rest":26861,"minecraft:damage_taken":25119,"minecraft:swim_one_cm":137159,"minecraft:fly_one_cm":3245347,"minecraft:open_chest":218,"minecraft:fall_one_cm":414292}},"DataVersion":3465}