{"stats":{"minecraft:crafted":{"minecraft:crafting_table":1,"minecraft:stone_axe":1,"minecraft:spruce_planks":86,"minecraft:wooden_pickaxe":1,"minecraft:stone_pickaxe":1},"minecraft:used":{"minecraft:stone_axe":3,"minecraft:wooden_axe":2,"minecraft:crafting_table":1,"minecraft:stone_pickaxe":10,"minecraft:wooden_pickaxe":8},"minecraft:killed":{"minecraft:pig":1},"minecraft:killed_by":{"minecraft:skeleton":1,"enemyexpansion:huntsman":1},"minecraft:mined":{"minecraft:stone":18,"minecraft:fern":1,"minecraft:crafting_table":1,"dynamictrees:spruce_leaves":1},"minecraft:custom":{"minecraft:time_since_rest":4903,"minecraft:crouch_one_cm":268,"minecraft:play_time":118452,"minecraft:sprint_one_cm":31343,"minecraft:damage_taken":785,"minecraft:deaths":3,"minecraft:walk_one_cm":42257,"minecraft:sneak_time":58,"minecraft:mob_kills":1,"minecraft:jump":221,"minecraft:damage_dealt":133,"minecraft:leave_game":3,"minecraft:time_since_death":0,"minecraft:total_world_time":118452,"minecraft:interact_with_crafting_table":3,"minecraft:fall_one_cm":7572,"minecraft:fly_one_cm":36666},"minecraft:picked_up":{"minecraft:crafting_table":1,"minecraft:stick":6,"minecraft:wheat_seeds":1,"minecraft:porkchop":3,"minecraft:spruce_log":26,"minecraft:cobblestone":18}},"DataVersion":3465}