{"stats":{"minecraft:custom":{"minecraft:interact_with_furnace":19,"spartanshields:shield_bash_hits":2,"minecraft:mob_kills":24,"minecraft:interact_with_crafting_table":24,"minecraft:leave_game":9,"minecraft:time_since_death":34368,"minecraft:climb_one_cm":1096,"minecraft:time_since_rest":34414,"minecraft:sprint_one_cm":147957,"minecraft:damage_taken":2571,"minecraft:walk_one_cm":183258,"minecraft:damage_blocked_by_shield":95,"minecraft:drop":6,"minecraft:damage_dealt":2472,"minecraft:swim_one_cm":31755,"minecraft:fly_one_cm":183915,"minecraft:open_chest":4,"minecraft:crouch_one_cm":2226,"minecraft:play_time":248215,"minecraft:deaths":6,"minecraft:sneak_time":907,"minecraft:walk_under_water_one_cm":14453,"minecraft:jump":1167,"minecraft:walk_on_water_one_cm":12170,"minecraft:total_world_time":248215,"minecraft:interact_with_smoker":2,"minecraft:fall_one_cm":35506},"minecraft:dropped":{"minecraft:sweet_berries":3,"dynamictrees:oak_seed":9,"minecraft:rotten_flesh":2,"minecraft:coal":41},"minecraft:killed":{"minecraft:pig":2,"naturalist:butterfly":1,"minecraft:spider":1,"naturalist:robin":1,"naturalist:snail":1,"minecraft:skeleton":2,"minecraft:zombie":2,"minecraft:bee":6,"minecraft:chicken":1,"naturalist:bass":5,"minecraft:cow":2},"minecraft:picked_up":{"minecraft:crafting_table":5,"minecraft:iron_chestplate":1,"minecraft:mossy_cobblestone_slab":1,"minecraft:feather":4,"minecraft:chicken":1,"minecraft:leather":1,"dynamictrees:spruce_seed":2,"minecraft:oak_log":28,"minecraft:dirt":18,"minecraft:cornflower":1,"minecraft:raw_copper":88,"naturalist:bass":2,"minecraft:bone":3,"minecraft:bow":1,"minecraft:wheat_seeds":1,"minecraft:spruce_planks":13,"minecraft:beef":4,"minecraft:mossy_stone_bricks":4,"dynamictrees:oak_seed":9,"minecraft:chest":1,"minecraft:iron_sword":1,"minecraft:oak_planks":1,"minecraft:furnace":2,"minecraft:egg":2,"minecraft:stick":67,"minecraft:raw_iron":16,"minecraft:sweet_berries":14,"minecraft:torch":2,"minecraft:gravel":1,"pointblank:gunmetal_nugget":15,"minecraft:porkchop":6,"minecraft:spruce_log":47,"minecraft:mossy_cobblestone":1,"minecraft:arrow":2,"minecraft:rotten_flesh":3,"minecraft:emerald":1,"minecraft:coal":71,"iceandfire:raw_silver":5,"minecraft:cobblestone":62},"minecraft:crafted":{"minecraft:cooked_beef":12,"minecraft:crafting_table":3,"minecraft:spruce_planks":170,"minecraft:wooden_pickaxe":2,"spartanshields:wooden_tower_shield":1,"minecraft:iron_helmet":1,"minecraft:furnace":1,"minecraft:stone_axe":2,"minecraft:air":0,"minecraft:shield":1,"minecraft:iron_axe":1,"minecraft:stick":36,"minecraft:iron_ingot":16,"minecraft:stone_pickaxe":2,"minecraft:wooden_axe":1,"minecraft:iron_leggings":1,"spartanshields:wooden_basic_shield":1,"minecraft:torch":100},"minecraft:used":{"minecraft:stone_pickaxe":127,"minecraft:wooden_pickaxe":19,"minecraft:chest":1,"minecraft:spruce_planks":8,"minecraft:shield":3,"minecraft:iron_sword":19,"minecraft:torch":8,"minecraft:mossy_cobblestone":1,"minecraft:dirt":15,"minecraft:crafting_table":7,"minecraft:oak_log":5,"minecraft:wooden_axe":9,"spartanshields:wooden_tower_shield":1,"minecraft:iron_axe":59,"minecraft:gravel":1,"minecraft:stone_axe":19,"minecraft:cobblestone":19,"minecraft:furnace":3,"minecraft:cooked_beef":12},"minecraft:mined":{"minecraft:spruce_planks":1,"iceandfire:silver_ore":5,"minecraft:mossy_cobblestone":1,"minecraft:crafting_table":5,"minecraft:cornflower":1,"minecraft:torch":3,"gravestone:gravestone":3,"minecraft:grass_block":2,"minecraft:chest":1,"minecraft:dead_bush":1,"minecraft:tall_grass":4,"minecraft:copper_ore":26,"minecraft:cobblestone":12,"minecraft:oak_planks":1,"minecraft:mossy_cobblestone_slab":1,"minecraft:furnace":2,"minecraft:iron_ore":16,"minecraft:sweet_berry_bush":6,"dynamictrees:spruce_leaves":9,"minecraft:bee_nest":3,"minecraft:grass":10,"minecraft:coal_ore":30,"minecraft:gravel":1,"minecraft:dirt":1,"minecraft:stone":46,"minecraft:mossy_stone_bricks":4,"minecraft:fern":5},"minecraft:killed_by":{"minecraft:skeleton":1,"minecraft:spider":1,"enemyexpansion:huntsman":1}},"DataVersion":3465}