{"stats":{"minecraft:killed_by":{"iceandfire:cyclops":3,"minecraft:creeper":1,"minecraft:spider":1,"iceandfire:hydra":7,"enemyexpansion:huntsman":1,"iceandfire:ice_dragon":4,"minecraft:skeleton":1,"minecraft:zombie":1},"minecraft:killed":{"minecraft:spider":1,"naturalist:robin":1,"naturalist:snail":1,"minecraft:skeleton":3,"minecraft:bee":8,"minecraft:chicken":1,"naturalist:bass":5,"minecraft:pig":5,"iceandfire:cyclops":1,"naturalist:butterfly":1,"minecraft:sheep":2,"minecraft:zombie":2,"naturalist:sparrow":1,"minecraft:cow":2},"minecraft:mined":{"minecraft:nether_gold_ore":11,"minecraft:spruce_planks":1,"minecraft:white_bed":4,"iceandfire:silver_ore":13,"minecraft:mossy_cobblestone":1,"minecraft:obsidian":4,"gravestone:gravestone":16,"minecraft:grass_block":21,"dynamictrees:cherry_sapling":1,"minecraft:spruce_leaves":47,"minecraft:large_fern":1,"dynamictrees:oak_leaves":4,"minecraft:tall_seagrass":2,"minecraft:mossy_cobblestone_slab":1,"minecraft:glowstone":12,"minecraft:spruce_sapling":3,"minecraft:furnace":4,"minecraft:carrots":2,"minecraft:iron_ore":34,"minecraft:fire":6,"dynamictrees:spruce_leaves":9,"minecraft:bamboo":4,"minecraft:stone":218,"minecraft:acacia_leaves":3,"minecraft:quartz_block":2,"minecraft:cherry_planks":5,"minecraft:crafting_table":9,"iceandfire:dragon_ice_spikes":1,"minecraft:cornflower":1,"minecraft:torch":7,"dynamictrees:acacia_leaves":127,"minecraft:chest":3,"minecraft:dead_bush":1,"minecraft:nether_quartz_ore":140,"minecraft:stone_slab":1,"minecraft:tall_grass":42,"minecraft:copper_ore":26,"minecraft:cobblestone":20,"minecraft:oak_planks":21,"minecraft:wall_torch":2,"minecraft:blue_bed":2,"minecraft:pink_petals":15,"minecraft:mud":28,"minecraft:birch_log":1,"minecraft:sweet_berry_bush":6,"minecraft:spruce_log":21,"minecraft:birch_leaves":45,"minecraft:bee_nest":4,"minecraft:yellow_bed":1,"minecraft:grass":87,"minecraft:oak_log":165,"minecraft:coal_ore":41,"minecraft:gravel":1,"minecraft:dirt":14,"minecraft:terracotta":1,"minecraft:netherrack":30,"minecraft:mossy_stone_bricks":4,"minecraft:oak_leaves":28,"minecraft:fern":5},"minecraft:dropped":{"minecraft:feather":2,"minecraft:cobblestone":3,"dynamictrees:mangrove_seed":11,"minecraft:coal":41,"minecraft:stick":1,"gravestone:obituary":3,"minecraft:bone":3,"minecraft:sweet_berries":3,"dynamictrees:oak_seed":9,"minecraft:rotten_flesh":2},"minecraft:used":{"minecraft:iron_shovel":33,"minecraft:flint_and_steel":37,"minecraft:ladder":18,"minecraft:chest":7,"minecraft:spruce_planks":8,"minecraft:shield":3,"minecraft:iron_sword":252,"minecraft:cooked_chicken":1,"minecraft:spruce_leaves":1,"minecraft:torch":18,"minecraft:dirt":21,"naturalist:cooked_bass":2,"minecraft:acacia_sapling":1,"minecraft:obsidian":12,"minecraft:wooden_axe":32,"spartanshields:wooden_tower_shield":1196,"minecraft:lava_bucket":12,"minecraft:iron_axe":247,"minecraft:quartz_block":2,"minecraft:oak_sapling":3,"minecraft:furnace":5,"minecraft:cooked_beef":12,"minecraft:cooked_mutton":7,"minecraft:water_bucket":10,"minecraft:stone_pickaxe":308,"minecraft:oak_planks":236,"minecraft:cherry_planks":188,"minecraft:wooden_pickaxe":19,"minecraft:blue_bed":1,"minecraft:oak_leaves":24,"minecraft:mossy_cobblestone":1,"minecraft:crafting_table":12,"minecraft:acacia_leaves":110,"minecraft:white_bed":4,"useless_sword:wooden_cactus_sword":2,"minecraft:shears":235,"minecraft:oak_log":43,"minecraft:mud":24,"dynamictrees:cherry_seed":1,"minecraft:diamond_pickaxe":276,"minecraft:bread":12,"minecraft:stone_slab":1,"spartanshields:silver_basic_shield":1,"minecraft:spruce_sapling":9,"minecraft:gravel":1,"minecraft:stone_axe":282,"minecraft:fire_charge":1,"minecraft:cobblestone":154,"minecraft:cooked_porkchop":1,"minecraft:bucket":15,"minecraft:birch_log":1,"minecraft:bone_meal":270},"minecraft:crafted":{"minecraft:cherry_planks":216,"minecraft:oak_planks":458,"spartanshields:silver_basic_shield":1,"minecraft:cooked_chicken":1,"spartanshields:wooden_tower_shield":1,"minecraft:furnace":2,"minecraft:bone_meal":183,"naturalist:cooked_bass":2,"minecraft:cooked_mutton":11,"minecraft:quartz_block":34,"minecraft:iron_boots":1,"minecraft:iron_axe":2,"minecraft:ladder":15,"minecraft:stone_pickaxe":4,"minecraft:chest":5,"minecraft:cooked_beef":12,"iceandfire:silver_ingot":13,"minecraft:cooked_porkchop":1,"minecraft:crafting_table":7,"minecraft:spruce_planks":170,"minecraft:iron_helmet":1,"minecraft:wooden_pickaxe":2,"minecraft:bucket":2,"minecraft:stone_axe":4,"minecraft:bread":6,"minecraft:air":0,"minecraft:diamond_pickaxe":1,"minecraft:shield":1,"minecraft:stick":44,"minecraft:iron_ingot":28,"minecraft:wooden_axe":1,"minecraft:iron_shovel":1,"minecraft:iron_leggings":1,"spartanshields:wooden_basic_shield":1,"minecraft:torch":100,"minecraft:shears":1},"minecraft:picked_up":{"minecraft:spruce_leaves":32,"minecraft:mud":40,"minecraft:crafting_table":9,"minecraft:iron_chestplate":1,"minecraft:allium":1,"minecraft:ladder":7,"minecraft:chicken":1,"minecraft:stone_slab":1,"dynamictrees:spruce_seed":2,"gravestone:obituary":1,"minecraft:cornflower":5,"minecraft:raw_copper":88,"minecraft:flint_and_steel":1,"minecraft:gold_nugget":37,"minecraft:spruce_planks":15,"minecraft:beef":4,"dynamictrees:oak_seed":35,"minecraft:birch_sapling":1,"minecraft:chest":3,"minecraft:mangrove_log":28,"minecraft:furnace":4,"minecraft:egg":2,"minecraft:stick":352,"dynamictrees:mangrove_seed":11,"minecraft:raw_iron":34,"minecraft:torch":8,"minecraft:porkchop":7,"pointblank:gunmetal_nugget":21,"minecraft:cherry_log":54,"minecraft:quartz_block":2,"minecraft:arrow":4,"minecraft:rotten_flesh":5,"supplementaries:ash":1,"minecraft:obsidian":4,"minecraft:mutton":11,"minecraft:white_wool":2,"minecraft:cobblestone":227,"minecraft:birch_log":9,"minecraft:pink_petals":48,"minecraft:birch_leaves":20,"minecraft:mossy_cobblestone_slab":1,"minecraft:feather":4,"minecraft:cherry_planks":5,"minecraft:acacia_leaves":110,"minecraft:leather":4,"minecraft:fern":2,"minecraft:oak_log":260,"minecraft:dirt":50,"minecraft:blue_bed":2,"naturalist:bass":2,"minecraft:bone":3,"minecraft:bow":1,"minecraft:wheat_seeds":24,"dynamictrees:birch_seed":6,"minecraft:iron_ingot":1,"minecraft:glowstone_dust":33,"minecraft:mossy_stone_bricks":4,"minecraft:acacia_sapling":4,"minecraft:bamboo":38,"minecraft:iron_sword":1,"minecraft:oak_planks":16,"minecraft:sweet_berries":14,"minecraft:quartz":139,"minecraft:gravel":1,"minecraft:spruce_sapling":5,"minecraft:white_bed":4,"minecraft:spruce_log":68,"minecraft:mossy_cobblestone":1,"dynamictrees:cherry_seed":18,"minecraft:grass":5,"minecraft:emerald":1,"minecraft:oak_sapling":1,"minecraft:netherrack":25,"minecraft:oak_leaves":26,"minecraft:coal":82,"iceandfire:raw_silver":13},"minecraft:broken":{"minecraft:shears":1,"minecraft:stone_pickaxe":2,"minecraft:iron_axe":1,"minecraft:stone_axe":2,"minecraft:iron_sword":1,"minecraft:iron_helmet":1,"minecraft:wooden_axe":1},"minecraft:custom":{"minecraft:mob_kills":36,"minecraft:interact_with_crafting_table":85,"minecraft:leave_game":14,"minecraft:time_since_death":67424,"minecraft:climb_one_cm":30733,"minecraft:sprint_one_cm":510566,"minecraft:walk_one_cm":712284,"minecraft:damage_blocked_by_shield":8270,"minecraft:drop":14,"minecraft:talked_to_villager":2,"minecraft:play_time":456377,"minecraft:deaths":26,"minecraft:sneak_time":12405,"minecraft:walk_under_water_one_cm":29940,"minecraft:jump":4248,"minecraft:walk_on_water_one_cm":24818,"minecraft:total_world_time":456377,"minecraft:interact_with_furnace":52,"spartanshields:shield_bash_hits":4,"minecraft:traded_with_villager":1,"minecraft:sleep_in_bed":11,"minecraft:time_since_rest":1265,"minecraft:damage_taken":9076,"minecraft:damage_dealt":12638,"minecraft:swim_one_cm":78736,"minecraft:fly_one_cm":882906,"minecraft:open_chest":46,"minecraft:crouch_one_cm":47101,"minecraft:interact_with_smoker":2,"minecraft:fall_one_cm":154089}},"DataVersion":3465}