{"stats":{"minecraft:killed_by":{"iceandfire:cyclops":3,"minecraft:creeper":1,"minecraft:spider":1,"iceandfire:hydra":7,"enemyexpansion:huntsman":1,"iceandfire:ice_dragon":3,"minecraft:skeleton":1},"minecraft:killed":{"minecraft:spider":1,"naturalist:robin":1,"naturalist:snail":1,"minecraft:skeleton":2,"minecraft:bee":8,"minecraft:chicken":1,"naturalist:bass":5,"minecraft:pig":5,"naturalist:butterfly":1,"minecraft:sheep":2,"minecraft:zombie":2,"naturalist:sparrow":1,"minecraft:cow":2},"minecraft:mined":{"minecraft:spruce_planks":1,"minecraft:white_bed":2,"iceandfire:silver_ore":13,"minecraft:mossy_cobblestone":1,"gravestone:gravestone":14,"minecraft:grass_block":2,"minecraft:spruce_leaves":36,"minecraft:large_fern":1,"dynamictrees:oak_leaves":1,"minecraft:tall_seagrass":2,"minecraft:mossy_cobblestone_slab":1,"minecraft:furnace":3,"minecraft:carrots":2,"minecraft:iron_ore":29,"minecraft:fire":1,"dynamictrees:spruce_leaves":9,"minecraft:stone":90,"minecraft:acacia_leaves":1,"minecraft:crafting_table":8,"minecraft:cornflower":1,"minecraft:torch":7,"dynamictrees:acacia_leaves":127,"minecraft:chest":1,"minecraft:dead_bush":1,"minecraft:stone_slab":1,"minecraft:tall_grass":42,"minecraft:copper_ore":26,"minecraft:cobblestone":13,"minecraft:oak_planks":7,"minecraft:blue_bed":1,"minecraft:wall_torch":2,"minecraft:mud":28,"minecraft:birch_log":1,"minecraft:sweet_berry_bush":6,"minecraft:spruce_log":20,"minecraft:birch_leaves":45,"minecraft:bee_nest":4,"minecraft:yellow_bed":1,"minecraft:grass":80,"minecraft:oak_log":163,"minecraft:coal_ore":39,"minecraft:gravel":1,"minecraft:dirt":2,"minecraft:terracotta":1,"minecraft:mossy_stone_bricks":4,"minecraft:oak_leaves":28,"minecraft:fern":5},"minecraft:dropped":{"minecraft:feather":2,"minecraft:cobblestone":3,"dynamictrees:mangrove_seed":11,"minecraft:coal":41,"minecraft:stick":1,"gravestone:obituary":3,"minecraft:bone":3,"minecraft:sweet_berries":3,"dynamictrees:oak_seed":9,"minecraft:rotten_flesh":2},"minecraft:used":{"minecraft:iron_shovel":3,"minecraft:flint_and_steel":36,"minecraft:ladder":11,"minecraft:chest":1,"minecraft:spruce_planks":8,"minecraft:shield":3,"minecraft:iron_sword":252,"minecraft:cooked_chicken":1,"minecraft:torch":18,"minecraft:dirt":15,"naturalist:cooked_bass":2,"minecraft:wooden_axe":32,"spartanshields:wooden_tower_shield":1196,"minecraft:iron_axe":247,"minecraft:furnace":4,"minecraft:cooked_beef":12,"minecraft:stone_pickaxe":252,"minecraft:oak_planks":197,"minecraft:wooden_pickaxe":19,"minecraft:mossy_cobblestone":1,"minecraft:crafting_table":10,"minecraft:acacia_leaves":48,"minecraft:white_bed":2,"useless_sword:wooden_cactus_sword":2,"minecraft:shears":235,"minecraft:oak_log":29,"minecraft:mud":24,"minecraft:bread":7,"minecraft:stone_slab":1,"minecraft:gravel":1,"minecraft:stone_axe":219,"minecraft:fire_charge":1,"minecraft:cobblestone":42,"minecraft:cooked_porkchop":1,"minecraft:birch_log":1},"minecraft:crafted":{"minecraft:oak_planks":202,"minecraft:cooked_chicken":1,"spartanshields:wooden_tower_shield":1,"minecraft:furnace":2,"naturalist:cooked_bass":2,"minecraft:iron_boots":1,"minecraft:iron_axe":2,"minecraft:ladder":15,"minecraft:stone_pickaxe":3,"minecraft:cooked_beef":12,"minecraft:cooked_porkchop":1,"minecraft:crafting_table":5,"minecraft:spruce_planks":170,"minecraft:iron_helmet":1,"minecraft:wooden_pickaxe":2,"minecraft:stone_axe":4,"minecraft:bread":6,"minecraft:air":0,"minecraft:shield":1,"minecraft:stick":44,"minecraft:iron_ingot":28,"minecraft:wooden_axe":1,"minecraft:iron_shovel":1,"minecraft:iron_leggings":1,"spartanshields:wooden_basic_shield":1,"minecraft:torch":100,"minecraft:shears":1},"minecraft:picked_up":{"minecraft:spruce_leaves":32,"minecraft:mud":40,"minecraft:crafting_table":8,"minecraft:iron_chestplate":1,"minecraft:allium":1,"minecraft:chicken":1,"minecraft:stone_slab":1,"dynamictrees:spruce_seed":2,"gravestone:obituary":1,"minecraft:cornflower":1,"minecraft:raw_copper":88,"minecraft:flint_and_steel":1,"minecraft:spruce_planks":15,"minecraft:beef":4,"dynamictrees:oak_seed":33,"minecraft:birch_sapling":1,"minecraft:chest":1,"minecraft:mangrove_log":28,"minecraft:furnace":3,"minecraft:egg":2,"minecraft:stick":301,"dynamictrees:mangrove_seed":11,"minecraft:raw_iron":29,"minecraft:torch":8,"minecraft:porkchop":7,"pointblank:gunmetal_nugget":15,"minecraft:arrow":2,"minecraft:rotten_flesh":5,"supplementaries:ash":1,"minecraft:mutton":1,"minecraft:white_wool":2,"minecraft:cobblestone":107,"minecraft:birch_log":9,"minecraft:birch_leaves":20,"minecraft:mossy_cobblestone_slab":1,"minecraft:feather":4,"minecraft:acacia_leaves":110,"minecraft:leather":1,"minecraft:fern":2,"minecraft:oak_log":250,"minecraft:dirt":19,"minecraft:blue_bed":1,"naturalist:bass":2,"minecraft:bone":3,"minecraft:bow":1,"minecraft:wheat_seeds":20,"dynamictrees:birch_seed":6,"minecraft:iron_ingot":1,"minecraft:mossy_stone_bricks":4,"minecraft:iron_sword":1,"minecraft:oak_planks":6,"minecraft:sweet_berries":14,"minecraft:gravel":1,"minecraft:white_bed":2,"minecraft:spruce_log":67,"minecraft:mossy_cobblestone":1,"minecraft:grass":5,"minecraft:emerald":1,"minecraft:oak_sapling":1,"minecraft:oak_leaves":26,"minecraft:coal":80,"iceandfire:raw_silver":13},"minecraft:broken":{"minecraft:shears":1,"minecraft:stone_pickaxe":1,"minecraft:iron_axe":1,"minecraft:stone_axe":2,"minecraft:iron_sword":1,"minecraft:wooden_axe":1},"minecraft:custom":{"minecraft:mob_kills":33,"minecraft:interact_with_crafting_table":58,"minecraft:leave_game":13,"minecraft:time_since_death":16731,"minecraft:climb_one_cm":9125,"minecraft:sprint_one_cm":392384,"minecraft:walk_one_cm":528327,"minecraft:damage_blocked_by_shield":8240,"minecraft:drop":14,"minecraft:talked_to_villager":2,"minecraft:play_time":368213,"minecraft:deaths":23,"minecraft:sneak_time":5887,"minecraft:walk_under_water_one_cm":23771,"minecraft:jump":3485,"minecraft:walk_on_water_one_cm":18175,"minecraft:total_world_time":368213,"minecraft:interact_with_furnace":37,"spartanshields:shield_bash_hits":4,"minecraft:traded_with_villager":1,"minecraft:sleep_in_bed":7,"minecraft:time_since_rest":4470,"minecraft:damage_taken":7640,"minecraft:damage_dealt":12438,"minecraft:swim_one_cm":66422,"minecraft:fly_one_cm":707786,"minecraft:open_chest":20,"minecraft:crouch_one_cm":19042,"minecraft:interact_with_smoker":2,"minecraft:fall_one_cm":128142}},"DataVersion":3465}