{"stats":{"minecraft:killed_by":{"minecraft:skeleton":1,"minecraft:spider":1,"enemyexpansion:huntsman":1},"minecraft:killed":{"minecraft:spider":1,"minecraft:pig":1},"minecraft:mined":{"gravestone:gravestone":2,"minecraft:grass":1,"minecraft:stone":18,"dynamictrees:spruce_leaves":7,"minecraft:crafting_table":1,"minecraft:fern":3},"minecraft:used":{"minecraft:wooden_axe":2,"minecraft:stone_axe":3,"minecraft:dirt":12,"minecraft:crafting_table":1,"minecraft:stone_pickaxe":10,"minecraft:wooden_pickaxe":8},"minecraft:crafted":{"minecraft:crafting_table":1,"minecraft:stone_axe":1,"minecraft:spruce_planks":86,"minecraft:stone_pickaxe":1,"minecraft:wooden_pickaxe":1},"minecraft:picked_up":{"minecraft:stick":14,"minecraft:crafting_table":1,"dynamictrees:spruce_seed":2,"minecraft:wheat_seeds":1,"minecraft:porkchop":3,"minecraft:spruce_log":26,"minecraft:dirt":15,"minecraft:cobblestone":18},"minecraft:custom":{"minecraft:time_since_rest":40662,"minecraft:crouch_one_cm":271,"minecraft:play_time":199658,"minecraft:sprint_one_cm":47152,"minecraft:damage_taken":1280,"minecraft:walk_one_cm":65467,"minecraft:deaths":4,"minecraft:sneak_time":83,"minecraft:mob_kills":2,"minecraft:jump":375,"minecraft:damage_dealt":330,"minecraft:leave_game":5,"minecraft:time_since_death":14705,"minecraft:climb_one_cm":186,"minecraft:total_world_time":199658,"minecraft:interact_with_crafting_table":3,"minecraft:fly_one_cm":57352,"minecraft:fall_one_cm":11009}},"DataVersion":3465}