{"stats":{"minecraft:custom":{"minecraft:mob_kills":32,"minecraft:interact_with_crafting_table":41,"minecraft:leave_game":11,"minecraft:time_since_death":1225,"minecraft:climb_one_cm":5933,"minecraft:sprint_one_cm":369426,"minecraft:walk_one_cm":447051,"minecraft:damage_blocked_by_shield":4510,"minecraft:drop":12,"minecraft:talked_to_villager":1,"minecraft:play_time":338499,"minecraft:deaths":21,"minecraft:sneak_time":4359,"minecraft:walk_under_water_one_cm":23771,"minecraft:jump":3295,"minecraft:walk_on_water_one_cm":18175,"minecraft:total_world_time":338499,"minecraft:interact_with_furnace":35,"spartanshields:shield_bash_hits":4,"minecraft:traded_with_villager":1,"minecraft:sleep_in_bed":6,"minecraft:time_since_rest":1263,"minecraft:damage_taken":7064,"minecraft:damage_dealt":10284,"minecraft:swim_one_cm":66422,"minecraft:fly_one_cm":669989,"minecraft:open_chest":11,"minecraft:crouch_one_cm":14288,"minecraft:interact_with_smoker":2,"minecraft:fall_one_cm":122661},"minecraft:dropped":{"minecraft:feather":2,"minecraft:coal":41,"minecraft:stick":1,"gravestone:obituary":3,"minecraft:bone":3,"minecraft:sweet_berries":3,"dynamictrees:oak_seed":9,"minecraft:rotten_flesh":2},"minecraft:killed":{"minecraft:spider":1,"naturalist:robin":1,"naturalist:snail":1,"minecraft:skeleton":2,"minecraft:bee":8,"minecraft:chicken":1,"naturalist:bass":5,"minecraft:pig":5,"naturalist:butterfly":1,"minecraft:sheep":2,"minecraft:zombie":2,"naturalist:sparrow":1,"minecraft:cow":2},"minecraft:crafted":{"minecraft:oak_planks":138,"minecraft:cooked_chicken":1,"spartanshields:wooden_tower_shield":1,"minecraft:furnace":2,"naturalist:cooked_bass":2,"minecraft:iron_boots":1,"minecraft:iron_axe":1,"minecraft:ladder":15,"minecraft:stone_pickaxe":3,"minecraft:cooked_beef":12,"minecraft:cooked_porkchop":1,"minecraft:crafting_table":5,"minecraft:spruce_planks":170,"minecraft:wooden_pickaxe":2,"minecraft:iron_helmet":1,"minecraft:stone_axe":3,"minecraft:bread":6,"minecraft:air":0,"minecraft:shield":1,"minecraft:stick":44,"minecraft:iron_ingot":28,"minecraft:wooden_axe":1,"minecraft:iron_shovel":1,"minecraft:iron_leggings":1,"spartanshields:wooden_basic_shield":1,"minecraft:torch":100,"minecraft:shears":1},"minecraft:picked_up":{"minecraft:spruce_leaves":32,"minecraft:mud":16,"minecraft:crafting_table":7,"minecraft:iron_chestplate":1,"minecraft:chicken":1,"dynamictrees:spruce_seed":2,"minecraft:stone_slab":1,"minecraft:cornflower":1,"minecraft:raw_copper":88,"minecraft:flint_and_steel":1,"minecraft:spruce_planks":15,"minecraft:beef":4,"dynamictrees:oak_seed":33,"minecraft:birch_sapling":1,"minecraft:chest":1,"minecraft:mangrove_log":28,"minecraft:egg":2,"minecraft:furnace":3,"dynamictrees:mangrove_seed":11,"minecraft:stick":249,"minecraft:raw_iron":29,"minecraft:torch":8,"pointblank:gunmetal_nugget":15,"minecraft:porkchop":7,"minecraft:arrow":2,"minecraft:rotten_flesh":5,"supplementaries:ash":1,"minecraft:mutton":1,"minecraft:white_wool":2,"minecraft:cobblestone":76,"minecraft:birch_log":9,"minecraft:birch_leaves":20,"minecraft:mossy_cobblestone_slab":1,"minecraft:feather":4,"minecraft:acacia_leaves":110,"minecraft:leather":1,"minecraft:fern":2,"minecraft:oak_log":250,"minecraft:dirt":19,"naturalist:bass":2,"minecraft:bone":3,"minecraft:bow":1,"minecraft:wheat_seeds":20,"dynamictrees:birch_seed":6,"minecraft:mossy_stone_bricks":4,"minecraft:oak_planks":4,"minecraft:iron_sword":1,"minecraft:sweet_berries":14,"minecraft:gravel":1,"minecraft:white_bed":2,"minecraft:spruce_log":67,"minecraft:mossy_cobblestone":1,"minecraft:grass":5,"minecraft:emerald":1,"minecraft:oak_sapling":1,"minecraft:oak_leaves":26,"minecraft:coal":80,"iceandfire:raw_silver":13},"minecraft:broken":{"minecraft:shears":1,"minecraft:stone_pickaxe":1,"minecraft:iron_axe":1,"minecraft:stone_axe":1},"minecraft:used":{"minecraft:flint_and_steel":11,"minecraft:iron_shovel":3,"minecraft:ladder":11,"minecraft:chest":1,"minecraft:spruce_planks":8,"minecraft:shield":3,"minecraft:iron_sword":232,"minecraft:cooked_chicken":1,"minecraft:torch":18,"minecraft:dirt":15,"naturalist:cooked_bass":2,"minecraft:wooden_axe":9,"spartanshields:wooden_tower_shield":668,"minecraft:iron_axe":247,"minecraft:furnace":4,"minecraft:cooked_beef":12,"minecraft:stone_pickaxe":178,"minecraft:oak_planks":102,"minecraft:wooden_pickaxe":19,"minecraft:mossy_cobblestone":1,"minecraft:crafting_table":10,"minecraft:acacia_leaves":48,"minecraft:white_bed":2,"useless_sword:wooden_cactus_sword":2,"minecraft:shears":235,"minecraft:oak_log":29,"minecraft:bread":7,"minecraft:stone_slab":1,"minecraft:gravel":1,"minecraft:stone_axe":156,"minecraft:fire_charge":1,"minecraft:cobblestone":30,"minecraft:cooked_porkchop":1,"minecraft:birch_log":1},"minecraft:mined":{"minecraft:spruce_planks":1,"minecraft:white_bed":2,"iceandfire:silver_ore":13,"minecraft:mossy_cobblestone":1,"gravestone:gravestone":11,"minecraft:grass_block":2,"minecraft:spruce_leaves":36,"minecraft:large_fern":1,"dynamictrees:oak_leaves":1,"minecraft:tall_seagrass":2,"minecraft:mossy_cobblestone_slab":1,"minecraft:furnace":3,"minecraft:carrots":2,"minecraft:iron_ore":29,"minecraft:fire":1,"dynamictrees:spruce_leaves":9,"minecraft:stone":61,"minecraft:acacia_leaves":1,"minecraft:crafting_table":7,"minecraft:cornflower":1,"minecraft:torch":7,"dynamictrees:acacia_leaves":127,"minecraft:chest":1,"minecraft:dead_bush":1,"minecraft:stone_slab":1,"minecraft:tall_grass":42,"minecraft:copper_ore":26,"minecraft:cobblestone":13,"minecraft:oak_planks":5,"minecraft:wall_torch":2,"minecraft:birch_log":1,"minecraft:sweet_berry_bush":6,"minecraft:spruce_log":20,"minecraft:birch_leaves":45,"minecraft:bee_nest":4,"minecraft:yellow_bed":1,"minecraft:grass":80,"minecraft:oak_log":163,"minecraft:coal_ore":39,"minecraft:gravel":1,"minecraft:dirt":2,"minecraft:terracotta":1,"minecraft:mossy_stone_bricks":4,"minecraft:oak_leaves":28,"minecraft:fern":5},"minecraft:killed_by":{"iceandfire:cyclops":3,"minecraft:spider":1,"iceandfire:hydra":6,"enemyexpansion:huntsman":1,"iceandfire:ice_dragon":3,"minecraft:skeleton":1}},"DataVersion":3465}