{"stats":{"minecraft:killed":{"minecraft:pig":1},"minecraft:used":{"minecraft:stone_axe":3,"minecraft:wooden_axe":2,"minecraft:crafting_table":1,"minecraft:stone_pickaxe":10,"minecraft:wooden_pickaxe":8},"minecraft:crafted":{"minecraft:crafting_table":1,"minecraft:stone_axe":1,"minecraft:spruce_planks":86,"minecraft:wooden_pickaxe":1,"minecraft:stone_pickaxe":1},"minecraft:custom":{"minecraft:time_since_rest":861,"minecraft:crouch_one_cm":214,"minecraft:sprint_one_cm":24915,"minecraft:play_time":38600,"minecraft:deaths":1,"minecraft:damage_taken":245,"minecraft:walk_one_cm":33679,"minecraft:sneak_time":47,"minecraft:mob_kills":1,"minecraft:jump":147,"minecraft:damage_dealt":100,"minecraft:leave_game":2,"minecraft:time_since_death":814,"minecraft:total_world_time":38600,"minecraft:interact_with_crafting_table":3,"minecraft:fall_one_cm":6132,"minecraft:fly_one_cm":30474},"minecraft:mined":{"minecraft:stone":18,"minecraft:crafting_table":1,"dynamictrees:spruce_leaves":1},"minecraft:picked_up":{"minecraft:stick":6,"minecraft:crafting_table":1,"minecraft:porkchop":3,"minecraft:spruce_log":26,"minecraft:cobblestone":18}},"DataVersion":3465}