{"stats":{"minecraft:custom":{"minecraft:mob_kills":28,"minecraft:interact_with_crafting_table":30,"minecraft:leave_game":9,"minecraft:time_since_death":5232,"minecraft:climb_one_cm":5625,"minecraft:sprint_one_cm":282956,"minecraft:walk_one_cm":304627,"minecraft:damage_blocked_by_shield":95,"minecraft:drop":10,"minecraft:talked_to_villager":1,"minecraft:play_time":296215,"minecraft:deaths":13,"minecraft:sneak_time":3659,"minecraft:walk_under_water_one_cm":22778,"minecraft:jump":2311,"minecraft:walk_on_water_one_cm":16215,"minecraft:total_world_time":296215,"minecraft:interact_with_furnace":28,"spartanshields:shield_bash_hits":2,"minecraft:traded_with_villager":1,"minecraft:sleep_in_bed":4,"minecraft:time_since_rest":4821,"minecraft:damage_taken":5023,"minecraft:damage_dealt":2907,"minecraft:swim_one_cm":63283,"minecraft:fly_one_cm":421234,"minecraft:open_chest":11,"minecraft:crouch_one_cm":12122,"minecraft:interact_with_smoker":2,"minecraft:fall_one_cm":80824},"minecraft:dropped":{"minecraft:feather":2,"minecraft:coal":41,"gravestone:obituary":3,"minecraft:sweet_berries":3,"dynamictrees:oak_seed":9,"minecraft:rotten_flesh":2},"minecraft:killed":{"minecraft:spider":1,"naturalist:robin":1,"naturalist:snail":1,"minecraft:skeleton":2,"minecraft:bee":6,"minecraft:chicken":1,"naturalist:bass":5,"minecraft:pig":5,"naturalist:butterfly":1,"minecraft:sheep":1,"minecraft:zombie":2,"minecraft:cow":2},"minecraft:crafted":{"minecraft:oak_planks":122,"minecraft:cooked_chicken":1,"spartanshields:wooden_tower_shield":1,"minecraft:furnace":1,"naturalist:cooked_bass":2,"minecraft:iron_axe":1,"minecraft:ladder":15,"minecraft:stone_pickaxe":3,"minecraft:cooked_beef":12,"minecraft:crafting_table":3,"minecraft:spruce_planks":170,"minecraft:iron_helmet":1,"minecraft:wooden_pickaxe":2,"minecraft:stone_axe":2,"minecraft:bread":6,"minecraft:air":0,"minecraft:shield":1,"minecraft:stick":44,"minecraft:iron_ingot":23,"minecraft:wooden_axe":1,"minecraft:iron_shovel":1,"minecraft:iron_leggings":1,"spartanshields:wooden_basic_shield":1,"minecraft:torch":100,"minecraft:shears":1},"minecraft:picked_up":{"minecraft:spruce_leaves":23,"minecraft:iron_chestplate":1,"minecraft:crafting_table":5,"minecraft:chicken":1,"dynamictrees:spruce_seed":2,"minecraft:stone_slab":1,"minecraft:cornflower":1,"minecraft:raw_copper":88,"minecraft:spruce_planks":13,"minecraft:beef":4,"dynamictrees:oak_seed":18,"minecraft:chest":1,"minecraft:egg":2,"minecraft:furnace":2,"minecraft:raw_iron":23,"minecraft:stick":141,"minecraft:torch":4,"minecraft:porkchop":7,"pointblank:gunmetal_nugget":15,"minecraft:arrow":2,"minecraft:rotten_flesh":5,"supplementaries:ash":1,"minecraft:white_wool":1,"minecraft:cobblestone":71,"minecraft:birch_log":9,"minecraft:birch_leaves":9,"minecraft:mossy_cobblestone_slab":1,"minecraft:feather":4,"minecraft:leather":1,"minecraft:acacia_leaves":110,"minecraft:oak_log":86,"minecraft:dirt":19,"naturalist:bass":2,"minecraft:bone":3,"minecraft:bow":1,"minecraft:wheat_seeds":7,"dynamictrees:birch_seed":6,"minecraft:mossy_stone_bricks":4,"minecraft:oak_planks":4,"minecraft:iron_sword":1,"minecraft:sweet_berries":14,"minecraft:gravel":1,"minecraft:white_bed":2,"minecraft:spruce_log":52,"minecraft:mossy_cobblestone":1,"minecraft:grass":5,"minecraft:emerald":1,"minecraft:oak_leaves":14,"minecraft:coal":79,"iceandfire:raw_silver":7},"minecraft:broken":{"minecraft:stone_pickaxe":1},"minecraft:used":{"minecraft:iron_shovel":3,"minecraft:ladder":11,"minecraft:spruce_planks":8,"minecraft:chest":1,"minecraft:shield":3,"minecraft:iron_sword":19,"minecraft:torch":11,"minecraft:dirt":15,"naturalist:cooked_bass":2,"minecraft:wooden_axe":9,"spartanshields:wooden_tower_shield":1,"minecraft:iron_axe":115,"minecraft:furnace":3,"minecraft:cooked_beef":12,"minecraft:stone_pickaxe":155,"minecraft:oak_planks":95,"minecraft:wooden_pickaxe":19,"minecraft:mossy_cobblestone":1,"minecraft:crafting_table":7,"minecraft:acacia_leaves":48,"minecraft:white_bed":2,"useless_sword:wooden_cactus_sword":2,"minecraft:shears":195,"minecraft:oak_log":23,"minecraft:bread":6,"minecraft:stone_slab":1,"minecraft:gravel":1,"minecraft:stone_axe":22,"minecraft:fire_charge":1,"minecraft:cobblestone":20,"minecraft:birch_log":1},"minecraft:mined":{"minecraft:spruce_planks":1,"minecraft:white_bed":2,"iceandfire:silver_ore":7,"minecraft:mossy_cobblestone":1,"gravestone:gravestone":5,"minecraft:grass_block":2,"minecraft:spruce_leaves":26,"dynamictrees:oak_leaves":1,"minecraft:tall_seagrass":2,"minecraft:mossy_cobblestone_slab":1,"minecraft:furnace":2,"minecraft:carrots":2,"minecraft:iron_ore":23,"minecraft:fire":1,"dynamictrees:spruce_leaves":9,"minecraft:stone":54,"minecraft:acacia_leaves":1,"minecraft:crafting_table":5,"minecraft:cornflower":1,"minecraft:torch":5,"dynamictrees:acacia_leaves":127,"minecraft:chest":1,"minecraft:dead_bush":1,"minecraft:stone_slab":1,"minecraft:cobblestone":13,"minecraft:copper_ore":26,"minecraft:tall_grass":9,"minecraft:oak_planks":5,"minecraft:birch_log":1,"minecraft:sweet_berry_bush":6,"minecraft:spruce_log":5,"minecraft:birch_leaves":23,"minecraft:bee_nest":3,"minecraft:yellow_bed":1,"minecraft:grass":27,"minecraft:coal_ore":38,"minecraft:oak_log":4,"minecraft:gravel":1,"minecraft:dirt":2,"minecraft:mossy_stone_bricks":4,"minecraft:oak_leaves":16,"minecraft:fern":5},"minecraft:killed_by":{"iceandfire:cyclops":3,"minecraft:spider":1,"enemyexpansion:huntsman":1,"iceandfire:ice_dragon":3,"minecraft:skeleton":1}},"DataVersion":3465}