{"stats":{"minecraft:killed_by":{"minecraft:skeleton":1,"minecraft:spider":1,"enemyexpansion:huntsman":1},"minecraft:killed":{"minecraft:spider":1,"minecraft:pig":1},"minecraft:mined":{"gravestone:gravestone":2,"minecraft:grass":1,"minecraft:stone":18,"dynamictrees:spruce_leaves":1,"minecraft:crafting_table":1,"minecraft:fern":2},"minecraft:used":{"minecraft:stone_axe":3,"minecraft:wooden_axe":2,"minecraft:dirt":12,"minecraft:crafting_table":1,"minecraft:stone_pickaxe":10,"minecraft:wooden_pickaxe":8},"minecraft:crafted":{"minecraft:crafting_table":1,"minecraft:stone_axe":1,"minecraft:spruce_planks":86,"minecraft:stone_pickaxe":1,"minecraft:wooden_pickaxe":1},"minecraft:picked_up":{"minecraft:stick":12,"minecraft:crafting_table":1,"dynamictrees:spruce_seed":2,"minecraft:wheat_seeds":1,"minecraft:porkchop":3,"minecraft:spruce_log":26,"minecraft:dirt":15,"minecraft:cobblestone":18},"minecraft:custom":{"minecraft:time_since_rest":33795,"minecraft:crouch_one_cm":268,"minecraft:play_time":192791,"minecraft:sprint_one_cm":41240,"minecraft:damage_taken":1190,"minecraft:walk_one_cm":51215,"minecraft:deaths":4,"minecraft:sneak_time":58,"minecraft:mob_kills":2,"minecraft:jump":303,"minecraft:damage_dealt":313,"minecraft:leave_game":5,"minecraft:time_since_death":7838,"minecraft:total_world_time":192791,"minecraft:interact_with_crafting_table":3,"minecraft:fly_one_cm":49919,"minecraft:fall_one_cm":9360}},"DataVersion":3465}