{"stats":{"minecraft:killed_by":{"iceandfire:stymphalian_bird":1,"iceandfire:ice_dragon":2,"cataclysm:deepling_brute":1,"minecraft:zombie":3,"iceandfire:fire_dragon":3,"minecraft:player":10,"apollyon:the_damned":8,"enemyexpansion:botfly":1,"minecraft:guardian":2,"iceandfire:lightning_dragon":11,"enemyexpansion:direwolf":2,"iceandfire:ghost":1},"minecraft:broken":{"minecraft:iron_boots":1,"minecraft:golden_leggings":1,"minecraft:stone_axe":3,"minecraft:wooden_axe":1,"simplyswords:iron_halberd":1,"minecraft:shield":1,"minecraft:iron_axe":1,"minecraft:iron_pickaxe":1},"minecraft:used":{"minecraft:moss_carpet":1,"minecraft:ladder":9,"minecraft:chest":10,"minecraft:shield":365,"minecraft:stone":11,"minecraft:spruce_leaves":134,"minecraft:jungle_planks":12,"minecraft:carrot":24,"travelersbackpack:iron":3,"minecraft:milk_bucket":1,"minecraft:lava_bucket":3,"minecraft:bow":9,"minecraft:furnace":4,"minecraft:potato":13,"slenderman:slenderman_spawn_egg":1,"minecraft:oak_planks":1212,"minecraft:stone_pickaxe":108,"minecraft:jungle_fence":32,"minecraft:blackstone":59,"minecraft:diamond_axe":374,"minecraft:glow_berries":11,"minecraft:sand":5,"simplyswords:iron_halberd":64,"minecraft:shears":81,"minecraft:redstone_torch":2,"neapolitan:banana_bunch":5,"iceandfire:lightning_dragon_flesh":1,"minecraft:melon_slice":46,"minecraft:bread":53,"minecraft:oak_fence":45,"minecraft:stone_sword":135,"minecraft:stone_shovel":262,"minecraft:cooked_chicken":13,"minecraft:orange_bed":4,"minecraft:torch":115,"minecraft:dirt":105,"minecraft:spruce_stairs":194,"minecraft:oak_wood":1,"minecraft:wooden_axe":59,"mcwbridges:oak_log_bridge_middle":4,"minecraft:iron_axe":148,"minecraft:oak_stairs":32,"minecraft:cooked_beef":13,"minecraft:cobbled_deepslate":8,"minecraft:acacia_planks":16,"mcwbridges:rope_oak_bridge":4,"minecraft:cooked_mutton":11,"iceandfire:crackled_grass":1,"minecraft:crafting_table":13,"minecraft:red_bed":2,"travelersbackpack:chicken":7,"minecraft:oak_log":1392,"minecraft:iron_pickaxe":238,"minecraft:stone_axe":523,"minecraft:cobblestone":34,"travelersbackpack:standard":6,"minecraft:cooked_porkchop":8,"minecraft:bucket":3,"minecraft:glass_pane":155},"minecraft:crafted":{"minecraft:oak_planks":1116,"travelersbackpack:iron":1,"travelersbackpack:crafting_upgrade":1,"minecraft:cooked_chicken":13,"minecraft:cooked_mutton":11,"minecraft:iron_bars":16,"minecraft:glass":28,"minecraft:bow":1,"minecraft:iron_boots":1,"minecraft:chest":3,"mcwbridges:rope_oak_bridge":4,"minecraft:oak_fence":3,"minecraft:oak_slab":18,"pointblank:gunmetal_mesh":22,"travelersbackpack:iron_tier_upgrade":1,"minecraft:cooked_porkchop":13,"minecraft:crafting_table":12,"minecraft:spruce_planks":60,"travelersbackpack:standard":2,"minecraft:iron_helmet":1,"travelersbackpack:chicken":1,"minecraft:iron_chestplate":1,"minecraft:shield":3,"minecraft:stick":184,"minecraft:iron_ingot":15,"securitycraft:sc_manual":1,"minecraft:shears":1,"pointblank:guninternals":4,"minecraft:stone_shovel":3,"minecraft:furnace":4,"minecraft:spruce_stairs":32,"minecraft:iron_axe":1,"minecraft:ladder":12,"minecraft:stone_pickaxe":1,"minecraft:jungle_fence":48,"minecraft:lead":2,"minecraft:cooked_beef":15,"pointblank:gunmetal_ingot":40,"travelersbackpack:backpack_tank":4,"minecraft:stone_axe":2,"minecraft:jungle_planks":72,"minecraft:air":0,"iceandfire:sea_serpent_arrow":4,"minecraft:oak_stairs":108,"minecraft:wooden_axe":2,"minecraft:torch":100,"minecraft:acacia_planks":112},"minecraft:dropped":{"minecraft:porkchop":8,"minecraft:lapis_lazuli":11,"minecraft:cooked_beef":5,"minecraft:oak_log":2,"minecraft:diamond":1,"minecraft:cooked_porkchop":8,"pointblank:glock17":1,"minecraft:orange_tulip":1,"minecraft:leather":1,"travelersbackpack:standard":1,"minecraft:flint":2,"iceandfire:sea_serpent_scales_red":3,"gravestone:obituary":45,"minecraft:gold_nugget":7,"anonimusmc_ben10:prototype":1,"pointblank:rhino":3,"minecraft:gravel":3,"enemyexpansion:horsehead_helmet":1,"minecraft:stone_axe":2,"minecraft:blackstone":67,"dynamictrees:oak_seed":6,"minecraft:cobbled_deepslate":4,"minecraft:rotten_flesh":8,"minecraft:oak_planks":139,"pointblank:spas12":1,"minecraft:carrot":22,"minecraft:oak_wood":4,"iceandfire:crackled_cobblestone":3,"minecraft:acacia_sapling":3,"minecraft:chest":3,"minecraft:glass":3,"minecraft:arrow":1,"minecraft:acacia_fence":3,"minecraft:iron_ingot":8,"minecraft:bread":10,"minecraft:wheat_seeds":49,"minecraft:oak_fence":6,"minecraft:cobblestone":63,"minecraft:coal":1,"minecraft:cobweb":4,"iceandfire:copper_nugget":64,"minecraft:wooden_axe":1,"minecraft:melon_slice":1,"minecraft:cherry_planks":2,"minecraft:oak_stairs":40,"minecraft:wither_rose":1,"iceandfire:crackled_grass":1,"minecraft:iron_axe":1,"minecraft:orange_bed":2,"securitycraft:sc_manual":1,"minecraft:acacia_planks":32,"minecraft:moss_carpet":1,"minecraft:kelp":1,"minecraft:stone_sword":1,"minecraft:raw_copper":2,"minecraft:tuff":5,"minecraft:raw_iron":6,"minecraft:stone_shovel":2,"pointblank:gunmetal_nugget":2,"minecraft:shield":2,"iceandfire:sea_serpent_arrow":4,"minecraft:allium":2,"minecraft:iron_chestplate":1,"minecraft:diamond_pickaxe":1,"minecraft:spruce_log":9,"minecraft:stone_pickaxe":3,"iceandfire:sea_serpent_fang":3},"minecraft:killed":{"naturalist:zebra":1,"enemyexpansion:equestrian":1,"minecraft:spider":2,"naturalist:robin":1,"naturalist:snail":1,"minecraft:skeleton":5,"minecraft:silverfish":2,"neapolitan:chimpanzee":2,"minecraft:pig":7,"minecraft:creeper":1,"minecraft:sheep":4,"minecraft:pillager":5,"minecraft:zombie":12,"enemyexpansion:botfly":3,"iceandfire:lightning_dragon":1,"apollyon:the_damned":4,"iceandfire:sea_serpent":1,"minecraft:cow":5,"naturalist:lion":1,"minecraft:slime":1,"enemyexpansion:direwolf":8,"enemyexpansion:huntsman":1,"iceandfire:ice_dragon":1,"minecraft:enderman":1,"enemyexpansion:slugger":3},"minecraft:picked_up":{"minecraft:wheat":8,"pointblank:spas12":1,"minecraft:stone_slab":1,"minecraft:oak_stairs":11,"pointblank:ammo357":5,"minecraft:wither_rose":5,"iceandfire:manuscript":9,"minecraft:string":20,"minecraft:raw_copper":30,"iceandfire:sea_serpent_scales_teal":2,"neapolitan:banana_bunch":13,"minecraft:beetroot":4,"minecraft:cobbled_deepslate":27,"minecraft:gold_nugget":17,"mcwbridges:oak_log_bridge_middle":4,"minecraft:spruce_planks":28,"minecraft:redstone_torch":1,"minecraft:azalea":8,"dynamictrees:oak_seed":6,"minecraft:iron_pickaxe":4,"minecraft:melon_slice":59,"minecraft:stick":79,"minecraft:jungle_door":1,"minecraft:acacia_fence":3,"iceandfire:armor_copper_metal_leggings":1,"minecraft:oak_fence":8,"minecraft:torch":20,"minecraft:acacia_log":26,"minecraft:green_bed":2,"minecraft:spruce_stairs":68,"minecraft:porkchop":17,"iceandfire:lightning_dragon_flesh":2,"iceandfire:crackled_gravel":3,"minecraft:orange_bed":6,"neapolitan:banana":11,"minecraft:rotten_flesh":33,"iceandfire:fire_dragon_heart":1,"travelersbackpack:chicken":1,"iceandfire:crackled_grass":4,"supplementaries:ash":7,"minecraft:iron_bars":15,"minecraft:cobblestone":141,"iceandfire:sapphire_gem":2,"minecraft:cooked_beef":5,"minecraft:feather":1,"minecraft:lilac":1,"minecraft:cherry_planks":2,"minecraft:jungle_log":18,"minecraft:golden_leggings":1,"minecraft:smoker":1,"minecraft:potato":34,"minecraft:flint":5,"minecraft:tuff":6,"slenderman:slenderman_spawn_egg":1,"minecraft:lapis_lazuli":11,"minecraft:dirt":124,"minecraft:bone":13,"minecraft:glass":2,"minecraft:acacia_planks":82,"minecraft:wheat_seeds":64,"minecraft:orange_tulip":1,"minecraft:raw_gold":6,"pointblank:ammo12gauge":1,"naturalist:snail_shell":1,"minecraft:oak_planks":255,"minecraft:cooked_porkchop":7,"minecraft:sand":55,"minecraft:jungle_planks":7,"dynamictrees:acacia_seed":5,"iceandfire:stymphalian_bird_feather":13,"simplyswords:iron_greathammer":1,"naturalist:antler":1,"minecraft:diamond":6,"iceandfire:crackled_stone":42,"minecraft:emerald":6,"minecraft:bread":10,"minecraft:oak_sapling":5,"iceandfire:silver_nugget":4,"iceandfire:raw_silver":3,"minecraft:diamond_pickaxe":1,"minecraft:spruce_leaves":181,"minecraft:coarse_dirt":1,"minecraft:crafting_table":3,"minecraft:allium":2,"minecraft:chicken":7,"naturalist:venison":1,"ecologics:seashell":1,"minecraft:chain":1,"gravestone:obituary":25,"minecraft:shield":2,"minecraft:red_bed":2,"minecraft:moss_carpet":5,"minecraft:iron_axe":1,"neapolitan:banana_frond":7,"minecraft:blackstone":70,"minecraft:glass_pane":32,"pointblank:rhino":3,"minecraft:beef":15,"iceandfire:sea_serpent_arrow":4,"minecraft:iron_nugget":23,"minecraft:poppy":1,"minecraft:light_gray_wool":1,"minecraft:chest":19,"minecraft:egg":2,"minecraft:raw_iron":16,"iceandfire:dragonbone":2,"iceandfire:dragonscales_gray":9,"minecraft:copper_ingot":49,"simplyswords:iron_halberd":1,"pointblank:gunmetal_nugget":60,"minecraft:carrot":49,"minecraft:redstone":17,"minecraft:stone_shovel":2,"minecraft:arrow":15,"minecraft:golden_hoe":1,"minecraft:gold_ingot":4,"minecraft:mutton":11,"minecraft:white_wool":12,"iceandfire:sea_serpent_fang":6,"enemyexpansion:horsehead_helmet":1,"minecraft:leather":11,"minecraft:jungle_fence":1,"minecraft:acacia_wood":2,"securitycraft:sc_manual":1,"minecraft:oak_log":486,"minecraft:white_banner":2,"neapolitan:ice_cubes":2,"minecraft:kelp":1,"minecraft:iron_ingot":3,"minecraft:stone_pickaxe":6,"minecraft:cobweb":9,"anonimusmc_ben10:prototype":1,"iceandfire:fire_dragon_flesh":6,"travelersbackpack:blank_upgrade":2,"minecraft:acacia_sapling":7,"iceandfire:crackled_cobblestone":6,"minecraft:book":8,"iceandfire:copper_nugget":322,"pointblank:glock17":1,"iceandfire:ash":8,"minecraft:dripstone_block":1,"minecraft:gravel":33,"minecraft:amethyst_shard":2,"minecraft:spruce_log":18,"minecraft:spider_eye":1,"travelersbackpack:standard":1,"minecraft:oak_wood":1,"minecraft:slime_ball":2,"minecraft:stone_axe":2,"dynamictrees:jungle_seed":1,"minecraft:diamond_axe":1,"iceandfire:sea_serpent_scales_red":5,"minecraft:melon_seeds":1,"minecraft:black_wool":1,"minecraft:coal":43},"minecraft:mined":{"minecraft:acacia_log":15,"minecraft:grass_block":66,"iceandfire:crackled_cobblestone":3,"minecraft:iron_ore":3,"minecraft:cobbled_deepslate":11,"minecraft:fire":11,"minecraft:moss_carpet":1,"minecraft:pointed_dripstone":2,"minecraft:flowering_azalea_leaves":23,"minecraft:oak_stairs":12,"dynamictrees:jungle_undergrowth_leaves":1,"minecraft:azalea_leaves":106,"minecraft:azalea":1,"dynamictrees:jungle_leaves":1,"minecraft:green_bed":2,"minecraft:tripwire":1,"minecraft:orange_bed":5,"minecraft:deepslate_redstone_ore":4,"minecraft:jungle_door":1,"minecraft:red_bed":2,"minecraft:blackstone":49,"minecraft:smoker":1,"minecraft:torch":5,"minecraft:poppy":1,"minecraft:melon":9,"minecraft:chest":5,"minecraft:dead_bush":2,"iceandfire:sapphire_ore":2,"minecraft:cobblestone":4,"minecraft:oak_planks":105,"minecraft:wall_torch":2,"ecologics:seashell":1,"iceandfire:crackled_stone":21,"neapolitan:small_banana_frond":4,"minecraft:wheat":9,"minecraft:lilac":1,"minecraft:orange_tulip":1,"minecraft:wither_rose":2,"minecraft:grass":93,"minecraft:oak_log":432,"minecraft:beetroots":4,"minecraft:acacia_fence":3,"minecraft:sand":64,"minecraft:dirt":46,"minecraft:deepslate":8,"minecraft:oak_leaves":89,"minecraft:tuff":5,"iceandfire:silver_ore":1,"minecraft:deepslate_diamond_ore":4,"iceandfire:crackled_gravel":1,"minecraft:glow_lichen":2,"gravestone:gravestone":39,"minecraft:allium":1,"minecraft:decorated_pot":1,"minecraft:jungle_planks":10,"minecraft:spruce_leaves":85,"minecraft:kelp":1,"minecraft:large_fern":3,"neapolitan:banana_bundle":3,"minecraft:carrots":6,"dynamictrees:oak_undergrowth_leaves":1,"iceandfire:crackled_grass":2,"minecraft:acacia_wood":2,"neapolitan:banana_stalk":1,"minecraft:potatoes":6,"minecraft:deepslate_iron_ore":2,"neapolitan:banana_frond":2,"minecraft:vine":2,"minecraft:stone":135,"minecraft:white_wool":2,"minecraft:acacia_leaves":57,"minecraft:glass_pane":3,"minecraft:cherry_planks":1,"minecraft:oak_fence":7,"minecraft:crafting_table":2,"minecraft:oak_wood":1,"minecraft:rose_bush":1,"minecraft:stone_slab":4,"minecraft:copper_ore":8,"minecraft:tall_grass":47,"minecraft:lapis_ore":1,"minecraft:deepslate_gold_ore":4,"mcwbridges:oak_log_bridge_middle":4,"supplementaries:urn":7,"minecraft:spruce_stairs":72,"minecraft:coarse_dirt":1,"minecraft:ice":2,"minecraft:spruce_log":12,"minecraft:birch_leaves":1,"minecraft:jungle_fence":2,"iceandfire:ash":8,"minecraft:coal_ore":24,"minecraft:gravel":12,"minecraft:cobweb":16,"neapolitan:large_banana_frond":1,"minecraft:acacia_planks":1,"minecraft:fern":9},"minecraft:custom":{"minecraft:animals_bred":3,"minecraft:interact_with_crafting_table":168,"minecraft:open_barrel":1,"minecraft:bell_ring":1,"minecraft:leave_game":8,"minecraft:time_since_death":0,"minecraft:sprint_one_cm":996244,"minecraft:damage_blocked_by_shield":5113,"minecraft:drop":164,"minecraft:talked_to_villager":1,"minecraft:play_time":1112748,"minecraft:deaths":53,"minecraft:jump":10325,"minecraft:interact_with_brewingstand":1,"minecraft:walk_on_water_one_cm":65797,"minecraft:interact_with_furnace":83,"minecraft:interact_with_cartography_table":2,"minecraft:sleep_in_bed":10,"minecraft:damage_dealt":14469,"minecraft:player_kills":4,"minecraft:crouch_one_cm":147987,"minecraft:interact_with_smoker":18,"minecraft:interact_with_smithing_table":5,"minecraft:mob_kills":79,"minecraft:climb_one_cm":5289,"minecraft:walk_one_cm":1592929,"minecraft:raid_win":1,"minecraft:sneak_time":43827,"minecraft:walk_under_water_one_cm":77674,"minecraft:interact_with_blast_furnace":9,"minecraft:total_world_time":1112748,"minecraft:interact_with_grindstone":3,"minecraft:time_since_rest":174381,"minecraft:damage_taken":21438,"minecraft:swim_one_cm":88374,"minecraft:fly_one_cm":2438012,"minecraft:open_chest":162,"minecraft:fall_one_cm":365552}},"DataVersion":3465}