{"stats":{"minecraft:custom":{"minecraft:interact_with_furnace":26,"spartanshields:shield_bash_hits":2,"minecraft:mob_kills":28,"minecraft:traded_with_villager":1,"minecraft:interact_with_crafting_table":29,"minecraft:leave_game":9,"minecraft:time_since_death":58368,"minecraft:sleep_in_bed":1,"minecraft:climb_one_cm":2990,"minecraft:time_since_rest":7993,"minecraft:sprint_one_cm":211350,"minecraft:damage_taken":2681,"minecraft:walk_one_cm":246778,"minecraft:damage_blocked_by_shield":95,"minecraft:drop":7,"minecraft:damage_dealt":2852,"minecraft:talked_to_villager":1,"minecraft:swim_one_cm":31755,"minecraft:fly_one_cm":299151,"minecraft:open_chest":9,"minecraft:crouch_one_cm":8637,"minecraft:play_time":272215,"minecraft:deaths":6,"minecraft:sneak_time":2550,"minecraft:walk_under_water_one_cm":14535,"minecraft:jump":1729,"minecraft:walk_on_water_one_cm":13310,"minecraft:total_world_time":272215,"minecraft:interact_with_smoker":2,"minecraft:fall_one_cm":52294},"minecraft:dropped":{"minecraft:sweet_berries":3,"dynamictrees:oak_seed":9,"minecraft:feather":2,"minecraft:rotten_flesh":2,"minecraft:coal":41},"minecraft:killed":{"minecraft:pig":5,"naturalist:butterfly":1,"minecraft:spider":1,"naturalist:robin":1,"minecraft:sheep":1,"naturalist:snail":1,"minecraft:skeleton":2,"minecraft:zombie":2,"minecraft:bee":6,"minecraft:chicken":1,"naturalist:bass":5,"minecraft:cow":2},"minecraft:crafted":{"minecraft:cooked_beef":12,"minecraft:oak_planks":64,"minecraft:crafting_table":3,"minecraft:spruce_planks":170,"minecraft:cooked_chicken":1,"minecraft:wooden_pickaxe":2,"spartanshields:wooden_tower_shield":1,"minecraft:iron_helmet":1,"minecraft:furnace":1,"minecraft:stone_axe":2,"naturalist:cooked_bass":2,"minecraft:bread":6,"minecraft:air":0,"minecraft:shield":1,"minecraft:iron_axe":1,"minecraft:ladder":15,"minecraft:stick":44,"minecraft:iron_ingot":20,"minecraft:stone_pickaxe":3,"minecraft:wooden_axe":1,"minecraft:iron_leggings":1,"spartanshields:wooden_basic_shield":1,"minecraft:torch":100,"minecraft:shears":1},"minecraft:picked_up":{"minecraft:birch_log":8,"minecraft:crafting_table":5,"minecraft:iron_chestplate":1,"minecraft:mossy_cobblestone_slab":1,"minecraft:feather":4,"minecraft:chicken":1,"minecraft:acacia_leaves":110,"minecraft:leather":1,"minecraft:stone_slab":1,"dynamictrees:spruce_seed":2,"minecraft:oak_log":83,"minecraft:dirt":18,"minecraft:cornflower":1,"minecraft:raw_copper":88,"naturalist:bass":2,"minecraft:bone":3,"minecraft:bow":1,"minecraft:wheat_seeds":5,"minecraft:spruce_planks":13,"dynamictrees:birch_seed":6,"minecraft:beef":4,"minecraft:mossy_stone_bricks":4,"dynamictrees:oak_seed":18,"minecraft:chest":1,"minecraft:iron_sword":1,"minecraft:oak_planks":1,"minecraft:furnace":2,"minecraft:egg":2,"minecraft:stick":141,"minecraft:raw_iron":23,"minecraft:sweet_berries":14,"minecraft:torch":4,"minecraft:gravel":1,"pointblank:gunmetal_nugget":15,"minecraft:porkchop":7,"minecraft:white_bed":2,"minecraft:spruce_log":47,"minecraft:mossy_cobblestone":1,"minecraft:arrow":2,"minecraft:rotten_flesh":3,"minecraft:grass":3,"minecraft:emerald":1,"minecraft:white_wool":1,"minecraft:coal":79,"iceandfire:raw_silver":7,"minecraft:cobblestone":71},"minecraft:broken":{"minecraft:stone_pickaxe":1},"minecraft:used":{"minecraft:stone_pickaxe":155,"minecraft:oak_planks":50,"minecraft:ladder":11,"minecraft:wooden_pickaxe":19,"minecraft:chest":1,"minecraft:spruce_planks":8,"minecraft:shield":3,"minecraft:iron_sword":19,"minecraft:torch":11,"minecraft:mossy_cobblestone":1,"minecraft:dirt":15,"minecraft:crafting_table":7,"naturalist:cooked_bass":2,"minecraft:acacia_leaves":35,"minecraft:white_bed":1,"minecraft:shears":130,"minecraft:oak_log":12,"minecraft:wooden_axe":9,"spartanshields:wooden_tower_shield":1,"minecraft:bread":3,"minecraft:iron_axe":104,"minecraft:stone_slab":1,"minecraft:gravel":1,"minecraft:stone_axe":19,"minecraft:fire_charge":1,"minecraft:cobblestone":20,"minecraft:furnace":3,"minecraft:cooked_beef":12},"minecraft:mined":{"minecraft:acacia_leaves":1,"minecraft:spruce_planks":1,"minecraft:white_bed":2,"iceandfire:silver_ore":7,"minecraft:mossy_cobblestone":1,"minecraft:crafting_table":5,"minecraft:cornflower":1,"minecraft:torch":5,"gravestone:gravestone":3,"dynamictrees:acacia_leaves":127,"minecraft:grass_block":2,"minecraft:chest":1,"minecraft:dead_bush":1,"minecraft:stone_slab":1,"minecraft:tall_grass":7,"minecraft:copper_ore":26,"minecraft:cobblestone":13,"minecraft:oak_planks":1,"dynamictrees:oak_leaves":1,"minecraft:mossy_cobblestone_slab":1,"minecraft:furnace":2,"minecraft:carrots":2,"minecraft:fire":1,"minecraft:iron_ore":23,"minecraft:sweet_berry_bush":6,"minecraft:yellow_bed":1,"dynamictrees:spruce_leaves":9,"minecraft:bee_nest":3,"minecraft:grass":27,"minecraft:oak_log":1,"minecraft:coal_ore":38,"minecraft:gravel":1,"minecraft:dirt":1,"minecraft:stone":54,"minecraft:mossy_stone_bricks":4,"minecraft:fern":5},"minecraft:killed_by":{"minecraft:skeleton":1,"minecraft:spider":1,"enemyexpansion:huntsman":1}},"DataVersion":3465}