{"stats":{"minecraft:killed_by":{"minecraft:skeleton":1,"minecraft:spider":1,"enemyexpansion:huntsman":1},"minecraft:killed":{"minecraft:pig":2,"minecraft:spider":1,"minecraft:skeleton":2,"minecraft:zombie":2,"minecraft:chicken":1,"minecraft:cow":2},"minecraft:mined":{"minecraft:spruce_planks":1,"iceandfire:silver_ore":3,"minecraft:mossy_cobblestone":1,"minecraft:crafting_table":4,"minecraft:torch":1,"gravestone:gravestone":3,"minecraft:grass_block":2,"minecraft:chest":1,"minecraft:dead_bush":1,"minecraft:copper_ore":26,"minecraft:cobblestone":11,"minecraft:oak_planks":1,"minecraft:mossy_cobblestone_slab":1,"minecraft:furnace":2,"minecraft:iron_ore":16,"minecraft:sweet_berry_bush":6,"dynamictrees:spruce_leaves":9,"minecraft:grass":2,"minecraft:coal_ore":25,"minecraft:gravel":1,"minecraft:dirt":1,"minecraft:stone":43,"minecraft:mossy_stone_bricks":4,"minecraft:fern":5},"minecraft:used":{"minecraft:stone_pickaxe":116,"minecraft:shield":3,"minecraft:spruce_planks":8,"minecraft:wooden_pickaxe":19,"minecraft:iron_sword":6,"minecraft:torch":5,"minecraft:mossy_cobblestone":1,"minecraft:dirt":13,"minecraft:crafting_table":5,"minecraft:wooden_axe":9,"minecraft:iron_axe":21,"minecraft:stone_axe":19,"minecraft:cobblestone":9,"minecraft:furnace":2,"minecraft:cooked_beef":8},"minecraft:dropped":{"minecraft:sweet_berries":3,"minecraft:rotten_flesh":2,"minecraft:coal":41},"minecraft:picked_up":{"minecraft:crafting_table":4,"minecraft:iron_chestplate":1,"minecraft:mossy_cobblestone_slab":1,"minecraft:feather":2,"minecraft:chicken":1,"minecraft:leather":1,"dynamictrees:spruce_seed":2,"minecraft:dirt":18,"minecraft:raw_copper":88,"minecraft:bone":3,"minecraft:bow":1,"minecraft:wheat_seeds":1,"minecraft:spruce_planks":13,"minecraft:beef":4,"minecraft:mossy_stone_bricks":4,"minecraft:chest":1,"minecraft:oak_planks":1,"minecraft:iron_sword":1,"minecraft:egg":2,"minecraft:furnace":2,"minecraft:stick":32,"minecraft:raw_iron":16,"minecraft:sweet_berries":14,"minecraft:gravel":1,"pointblank:gunmetal_nugget":15,"minecraft:porkchop":6,"minecraft:spruce_log":47,"minecraft:mossy_cobblestone":1,"minecraft:arrow":2,"minecraft:rotten_flesh":3,"minecraft:emerald":1,"minecraft:coal":66,"iceandfire:raw_silver":3,"minecraft:cobblestone":54},"minecraft:crafted":{"minecraft:cooked_beef":12,"minecraft:crafting_table":3,"minecraft:spruce_planks":170,"spartanshields:wooden_tower_shield":1,"minecraft:wooden_pickaxe":2,"minecraft:iron_helmet":1,"minecraft:furnace":1,"minecraft:stone_axe":2,"minecraft:air":0,"minecraft:shield":1,"minecraft:iron_axe":1,"minecraft:stick":36,"minecraft:iron_ingot":16,"minecraft:stone_pickaxe":2,"minecraft:wooden_axe":1,"minecraft:iron_leggings":1,"spartanshields:wooden_basic_shield":1,"minecraft:torch":100},"minecraft:custom":{"minecraft:interact_with_furnace":15,"spartanshields:shield_bash_hits":1,"minecraft:mob_kills":10,"minecraft:interact_with_crafting_table":24,"minecraft:leave_game":8,"minecraft:time_since_death":21357,"minecraft:climb_one_cm":1083,"minecraft:time_since_rest":21403,"minecraft:sprint_one_cm":110994,"minecraft:damage_taken":2245,"minecraft:walk_one_cm":153751,"minecraft:damage_blocked_by_shield":75,"minecraft:drop":4,"minecraft:damage_dealt":1386,"minecraft:swim_one_cm":13003,"minecraft:fly_one_cm":113170,"minecraft:open_chest":4,"minecraft:crouch_one_cm":1701,"minecraft:play_time":235204,"minecraft:deaths":6,"minecraft:sneak_time":635,"minecraft:walk_under_water_one_cm":7805,"minecraft:jump":831,"minecraft:walk_on_water_one_cm":5128,"minecraft:interact_with_smoker":2,"minecraft:total_world_time":235204,"minecraft:fall_one_cm":26502}},"DataVersion":3465}