{"stats":{"minecraft:killed":{"minecraft:creeper":1,"minecraft:sheep":4,"minecraft:skeleton":10,"minecraft:cow":8},"minecraft:mined":{"minecraft:podzol":2,"minecraft:mossy_cobblestone":5,"minecraft:smoker":2,"minecraft:crafting_table":4,"minecraft:emerald_ore":1,"minecraft:decorated_pot":1,"minecraft:cobblestone":5,"minecraft:wall_torch":2,"minecraft:large_fern":7,"minecraft:furnace":2,"minecraft:iron_ore":11,"minecraft:pumpkin":1,"minecraft:gold_block":2,"minecraft:coal_ore":49,"minecraft:gravel":1,"minecraft:dirt":8,"minecraft:stone":132,"minecraft:fern":3},"minecraft:dropped":{"minecraft:iron_sword":2,"minecraft:stone_axe":1,"minecraft:iron_chestplate":1,"minecraft:egg":1},"minecraft:used":{"minecraft:cooked_mutton":5,"minecraft:stone_pickaxe":131,"minecraft:wooden_pickaxe":14,"minecraft:shield":26,"minecraft:iron_sword":28,"minecraft:torch":11,"minecraft:mossy_cobblestone":4,"minecraft:dirt":10,"minecraft:crafting_table":4,"useless_sword:valhalla_sword":8,"minecraft:smoker":2,"minecraft:iron_pickaxe":72,"minecraft:stone_axe":52,"minecraft:cobblestone":19,"minecraft:furnace":2,"minecraft:egg":1,"minecraft:cooked_beef":5},"minecraft:picked_up":{"minecraft:crafting_table":4,"minecraft:burn_pottery_sherd":1,"minecraft:leather":11,"dynamictrees:spruce_seed":6,"minecraft:smoker":2,"minecraft:gold_block":2,"minecraft:flint":1,"minecraft:gunpowder":2,"minecraft:dirt":10,"minecraft:explorer_pottery_sherd":1,"minecraft:bone":14,"minecraft:wheat_seeds":2,"minecraft:beef":18,"minecraft:iron_sword":1,"minecraft:arms_up_pottery_sherd":1,"minecraft:egg":2,"minecraft:furnace":2,"minecraft:raw_iron":11,"minecraft:stick":23,"minecraft:pumpkin":1,"minecraft:torch":3,"pointblank:gunmetal_nugget":5,"minecraft:spruce_log":77,"minecraft:mossy_cobblestone":4,"minecraft:howl_pottery_sherd":1,"minecraft:arrow":10,"minecraft:stone_axe":1,"minecraft:cobblestone":137,"minecraft:mutton":5,"minecraft:coal":160,"minecraft:white_wool":4},"minecraft:crafted":{"minecraft:cooked_beef":10,"minecraft:crafting_table":1,"minecraft:spruce_planks":36,"minecraft:wooden_pickaxe":1,"minecraft:furnace":1,"minecraft:stone_axe":1,"minecraft:cooked_mutton":5,"minecraft:air":0,"minecraft:shield":1,"minecraft:stick":8,"minecraft:iron_ingot":8,"minecraft:stone_pickaxe":1,"minecraft:iron_pickaxe":1,"minecraft:torch":8,"minecraft:smoker":1},"minecraft:custom":{"minecraft:interact_with_furnace":3,"minecraft:mob_kills":26,"minecraft:interact_with_crafting_table":11,"minecraft:leave_game":1,"minecraft:time_since_death":28835,"minecraft:climb_one_cm":1035,"minecraft:time_since_rest":28835,"minecraft:sprint_one_cm":77569,"minecraft:damage_taken":780,"minecraft:walk_one_cm":62244,"minecraft:damage_blocked_by_shield":605,"minecraft:drop":5,"minecraft:damage_dealt":3071,"minecraft:swim_one_cm":13367,"minecraft:fly_one_cm":67344,"minecraft:open_chest":17,"minecraft:crouch_one_cm":2283,"minecraft:play_time":28835,"minecraft:sneak_time":1060,"minecraft:walk_under_water_one_cm":638,"minecraft:jump":535,"minecraft:walk_on_water_one_cm":1211,"minecraft:total_world_time":28835,"minecraft:interact_with_smoker":9,"minecraft:fall_one_cm":10027},"minecraft:broken":{"minecraft:stone_pickaxe":1}},"DataVersion":3465}