{"stats":{"minecraft:killed_by":{"iceandfire:fire_dragon":1,"minecraft:player":2,"apollyon:the_damned":1},"minecraft:broken":{"minecraft:iron_shovel":1,"minecraft:iron_boots":1,"minecraft:iron_leggings":1,"minecraft:stone_axe":2,"iceandfire:armor_silver_metal_boots":1,"simplyswords:iron_halberd":1,"iceandfire:stymphalian_bird_dagger":1,"minecraft:iron_pickaxe":1,"minecraft:iron_helmet":2},"minecraft:used":{"iceandfire:lectern":1,"minecraft:moss_carpet":1,"minecraft:iron_shovel":237,"dynamictrees:cocoa_seed":1,"iceandfire:dragon_skull_ice":3,"minecraft:diamond_hoe":265,"minecraft:chest":4,"minecraft:shield":158,"minecraft:stone":2,"minecraft:rotten_flesh":7,"minecraft:carrot":20,"minecraft:tuff":8,"iceandfire:armor_silver_metal_leggings":1,"neapolitan:vanilla_fudge":2,"pointblank:workstation":1,"minecraft:bow":20,"minecraft:hay_block":1,"minecraft:furnace":9,"minecraft:egg":1,"minecraft:potato":1,"dynamictrees:spruce_seed":3,"minecraft:diorite":1,"minecraft:oak_planks":3,"minecraft:diamond_axe":335,"iceandfire:stymphalian_bird_dagger":437,"minecraft:white_wool":3,"minecraft:golden_apple":2,"minecraft:blast_furnace":1,"simplyswords:iron_halberd":445,"minecraft:shears":37,"minecraft:birch_fence":3,"iceandfire:lightning_dragon_flesh":1,"neapolitan:banana_bunch":3,"minecraft:string":2,"minecraft:melon_slice":46,"minecraft:bread":69,"minecraft:brown_wool":1,"minecraft:grindstone":1,"minecraft:smithing_table":1,"minecraft:andesite":23,"minecraft:bone_meal":3,"minecraft:experience_bottle":3,"minecraft:cobweb":13,"minecraft:oak_fence":5,"minecraft:enchanting_table":4,"minecraft:white_tulip":2,"minecraft:armor_stand":6,"minecraft:spruce_planks":8,"dynamictrees:oak_seed":1,"minecraft:cooked_chicken":4,"travelersbackpack:bat":1,"minecraft:torch":203,"minecraft:dirt":540,"minecraft:spruce_stairs":32,"mcwbridges:oak_log_bridge_middle":5,"dynamictrees:birch_seed":1,"minecraft:gunpowder":1,"minecraft:cooked_beef":20,"minecraft:cobbled_deepslate":64,"minecraft:iron_leggings":3,"mcwbridges:rope_oak_bridge":22,"naturalist:bass":4,"minecraft:wheat_seeds":183,"minecraft:cooked_mutton":28,"minecraft:water_bucket":41,"pointblank:printer":6,"useless_sword:pillager_dagger":266,"minecraft:cherry_planks":2,"minecraft:red_bed":1,"minecraft:crafting_table":17,"dynamictrees:mangrove_roots":1,"supplementaries:bomb":5,"neapolitan:banana":1,"minecraft:white_bed":1,"minecraft:spruce_log":59,"minecraft:smoker":3,"dynamictrees:cherry_seed":2,"minecraft:diamond_pickaxe":1065,"minecraft:black_wool":1,"minecraft:diamond_shovel":356,"minecraft:iron_pickaxe":374,"minecraft:stone_slab":6,"iceandfire:seaserpent_skull":1,"minecraft:spruce_trapdoor":23,"minecraft:spruce_sapling":5,"minecraft:stone_axe":100,"minecraft:cobblestone":156,"minecraft:cooked_porkchop":17,"minecraft:bucket":46,"minecraft:wither_rose":3},"minecraft:crafted":{"minecraft:grindstone":1,"minecraft:smooth_stone":6,"minecraft:oak_planks":12,"minecraft:cooked_chicken":4,"iceandfire:lectern":1,"minecraft:stone":11,"minecraft:diamond_shovel":1,"minecraft:cooked_mutton":28,"minecraft:glass":6,"iceandfire:armor_silver_metal_chestplate":2,"minecraft:bow":2,"minecraft:iron_boots":1,"iceandfire:armor_silver_metal_leggings":1,"minecraft:chest":2,"minecraft:oak_fence":3,"minecraft:smoker":1,"pointblank:printer":1,"minecraft:oak_slab":6,"pointblank:gunmetal_mesh":111,"minecraft:arrow":8,"minecraft:cooked_porkchop":12,"minecraft:diamond_axe":2,"minecraft:crafting_table":14,"minecraft:spruce_planks":68,"travelersbackpack:standard":1,"minecraft:iron_helmet":2,"minecraft:smithing_table":1,"minecraft:copper_ingot":138,"minecraft:hay_block":36,"minecraft:birch_planks":64,"mcwbridges:oak_log_bridge_middle":4,"minecraft:spruce_trapdoor":22,"minecraft:iron_chestplate":2,"minecraft:diamond_pickaxe":1,"minecraft:birch_fence":3,"minecraft:stick":100,"minecraft:stone_slab":6,"minecraft:iron_ingot":224,"minecraft:iron_pickaxe":2,"minecraft:gold_ingot":19,"minecraft:shears":1,"minecraft:cherry_planks":100,"pointblank:guninternals":25,"minecraft:fishing_rod":1,"minecraft:smooth_stone_slab":6,"minecraft:iron_nugget":27,"minecraft:diamond_hoe":1,"minecraft:furnace":5,"minecraft:blast_furnace":1,"minecraft:bone_meal":126,"minecraft:glass_pane":16,"iceandfire:armor_silver_metal_boots":1,"minecraft:lead":2,"travelersbackpack:spider":1,"minecraft:wheat":441,"minecraft:cooked_beef":18,"iceandfire:silver_ingot":16,"pointblank:gunmetal_ingot":154,"pointblank:processor":1,"minecraft:enchanting_table":1,"useless_sword:pillager_dagger":1,"simplyswords:iron_halberd":2,"minecraft:bucket":1,"minecraft:stone_axe":1,"minecraft:bread":91,"minecraft:air":0,"iceandfire:armor_silver_metal_helmet":1,"iceandfire:stymphalian_bird_dagger":2,"minecraft:iron_shovel":1,"minecraft:iron_leggings":2,"minecraft:armor_stand":6,"minecraft:white_bed":1,"minecraft:torch":140},"minecraft:dropped":{"iceandfire:raw_silver":3,"naturalist:antler":1,"minecraft:diamond_axe":1,"minecraft:baked_potato":1,"minecraft:cooked_beef":3,"minecraft:glow_ink_sac":3,"dynamictrees:cocoa_seed":2,"minecraft:diamond":2,"minecraft:cooked_porkchop":3,"minecraft:leather":2,"simplyswords:iron_halberd":1,"dynamictrees:spruce_seed":1,"minecraft:dirt":51,"dynamictrees:jungle_seed":1,"minecraft:birch_fence":1,"minecraft:dark_oak_log":10,"iceandfire:sea_serpent_scales_red":3,"useless_sword:pillager_dagger":1,"gravestone:obituary":17,"minecraft:gold_nugget":9,"anonimusmc_ben10:prototype":5,"minecraft:iron_pickaxe":1,"minecraft:white_wool":9,"pointblank:rhino":3,"minecraft:bone":6,"minecraft:gravel":26,"enemyexpansion:horsehead_helmet":1,"minecraft:stone_axe":1,"minecraft:iron_nugget":8,"dynamictrees:oak_seed":2,"minecraft:cobbled_deepslate":10,"minecraft:pointed_dripstone":1,"minecraft:rotten_flesh":88,"minecraft:oak_planks":4,"pointblank:spas12":3,"supplementaries:antique_ink":2,"supplementaries:ash":44,"pointblank:ammo357":5,"naturalist:venison":1,"minecraft:melon_seeds":13,"dynamictrees:mangrove_roots":2,"minecraft:arrow":11,"minecraft:beef":6,"minecraft:iron_ingot":1,"minecraft:bread":3,"minecraft:oak_slab":3,"minecraft:wheat_seeds":365,"dynamictrees:birch_seed":1,"minecraft:mossy_cobblestone":2,"minecraft:dripstone_block":1,"dynamictrees:dark_oak_seed":1,"minecraft:oak_fence":1,"mcwbridges:rope_oak_bridge":2,"minecraft:cobblestone":23,"naturalist:glow_goop":1,"minecraft:copper_ingot":12,"iceandfire:lightning_dragon_flesh":1,"minecraft:spruce_stairs":6,"minecraft:grass_block":1,"mcwbridges:oak_log_bridge_middle":1,"minecraft:stick":28,"minecraft:ink_sac":3,"iceandfire:armor_silver_metal_chestplate":1,"minecraft:wither_rose":3,"minecraft:white_banner":1,"pointblank:ammo12gauge":1,"minecraft:string":19,"minecraft:spruce_sapling":2,"minecraft:raw_copper":6,"minecraft:stone_shovel":2,"minecraft:chicken":9,"minecraft:stone_slab":2,"minecraft:glass_pane":14,"pointblank:gunmetal_nugget":7,"supplementaries:quiver":3,"iceandfire:sea_serpent_arrow":4,"minecraft:allium":4,"dynamictrees:warped_seed":1,"minecraft:spruce_trapdoor":1,"minecraft:spruce_planks":2,"minecraft:diamond_pickaxe":1,"minecraft:andesite":31,"iceandfire:silver_ingot":7,"minecraft:spider_eye":1,"minecraft:bow":2,"minecraft:stone_pickaxe":1,"minecraft:raw_gold":3,"iceandfire:sea_serpent_fang":4},"minecraft:killed":{"naturalist:zebra":3,"minecraft:cave_spider":5,"iceandfire:hippogryph":1,"minecraft:spider":11,"enemyexpansion:equestrian":2,"naturalist:robin":2,"iceandfire:stymphalian_bird":8,"minecraft:skeleton":39,"minecraft:chicken":18,"minecraft:silverfish":8,"minecraft:pig":10,"minecraft:zombie_villager":1,"naturalist:firefly":1,"naturalist:snake":1,"minecraft:creeper":31,"minecraft:sheep":14,"minecraft:pillager":5,"enemyexpansion:meature":2,"minecraft:zombie":169,"enemyexpansion:vampire":1,"enemyexpansion:botfly":23,"minecraft:glow_squid":2,"cave_dweller:cave_dweller":1,"apollyon:the_damned":8,"iceandfire:sea_serpent":2,"minecraft:cow":16,"enemyexpansion:trollenraged":1,"enemyexpansion:intruder":1,"minecraft:vindicator":3,"enemyexpansion:direwolf":14,"enemyexpansion:faller":1,"naturalist:deer":2,"enemyexpansion:silverqueen":1,"naturalist:bass":5,"iceandfire:cyclops":2,"naturalist:butterfly":1,"enemyexpansion:sprinter":4,"minecraft:ravager":1,"slenderman:slenderman":1,"ecologics:squirrel":2,"enemyexpansion:huntsman":2,"iceandfire:ice_dragon":2,"minecraft:enderman":3,"enemyexpansion:slugger":4},"minecraft:picked_up":{"minecraft:wheat":166,"pointblank:spas12":3,"minecraft:smithing_table":1,"minecraft:stone_slab":8,"minecraft:lead":13,"mcwbridges:rope_oak_bridge":27,"minecraft:wither_rose":10,"minecraft:string":78,"minecraft:raw_copper":198,"neapolitan:banana_bunch":3,"minecraft:zombie_head":1,"minecraft:cobbled_deepslate":92,"dynamictrees:dark_oak_seed":1,"minecraft:gold_nugget":9,"mcwbridges:oak_log_bridge_middle":3,"minecraft:spruce_planks":10,"minecraft:white_tulip":2,"dynamictrees:oak_seed":2,"minecraft:melon_slice":46,"pointblank:workstation":2,"minecraft:iron_boots":1,"minecraft:furnace":6,"minecraft:stick":40,"minecraft:oak_fence":5,"minecraft:torch":65,"iceandfire:dragonscales_white":27,"minecraft:spruce_stairs":107,"minecraft:porkchop":18,"iceandfire:lightning_dragon_flesh":7,"minecraft:cherry_log":29,"minecraft:pointed_dripstone":1,"minecraft:diorite":1,"minecraft:deepslate_tile_stairs":2,"minecraft:rotten_flesh":191,"supplementaries:antique_ink":2,"supplementaries:quiver":3,"supplementaries:ash":52,"minecraft:obsidian":4,"minecraft:cobblestone":407,"minecraft:birch_log":64,"minecraft:enchanting_table":3,"minecraft:feather":23,"minecraft:cooked_beef":5,"minecraft:cherry_planks":12,"minecraft:andesite":73,"minecraft:brown_wool":1,"minecraft:smoker":1,"minecraft:potato":1,"minecraft:flint":2,"minecraft:tuff":9,"supplementaries:flax_seeds":8,"minecraft:lapis_lazuli":91,"minecraft:dirt":591,"minecraft:bone":59,"minecraft:bow":3,"minecraft:wheat_seeds":555,"minecraft:orange_tulip":6,"minecraft:raw_gold":16,"dynamictrees:warped_seed":1,"minecraft:bamboo":6,"naturalist:snail_shell":1,"minecraft:oak_planks":84,"minecraft:cooked_porkchop":8,"iceandfire:dragonscales_sapphire":11,"minecraft:grass_block":1,"iceandfire:stymphalian_bird_feather":17,"minecraft:ink_sac":3,"iceandfire:lightning_dragon_heart":1,"minecraft:dark_oak_log":10,"minecraft:mossy_cobblestone":2,"dynamictrees:mangrove_roots":2,"naturalist:antler":1,"minecraft:diamond":52,"iceandfire:seaserpent_skull":1,"minecraft:emerald":16,"minecraft:bread":3,"iceandfire:raw_silver":18,"minecraft:diamond_pickaxe":1,"iceandfire:dragon_skull_lightning":1,"minecraft:crafting_table":3,"minecraft:allium":4,"minecraft:chicken":19,"naturalist:venison":1,"dynamictrees:spruce_seed":3,"gravestone:obituary":9,"minecraft:shield":1,"minecraft:red_bed":3,"minecraft:moss_carpet":1,"minecraft:birch_fence":1,"minecraft:blackstone":122,"supplementaries:bomb":5,"pointblank:rhino":4,"iceandfire:sea_serpent_arrow":4,"minecraft:beef":33,"minecraft:iron_nugget":20,"minecraft:chest":3,"useless_sword:ravager_leather":1,"minecraft:spruce_trapdoor":2,"dynamictrees:cocoa_seed":2,"iceandfire:ice_dragon_heart":2,"minecraft:egg":1,"minecraft:raw_iron":262,"iceandfire:dragonbone":25,"minecraft:copper_ingot":95,"pointblank:gunmetal_nugget":434,"minecraft:carrot":11,"minecraft:redstone":19,"iceandfire:dragon_skull_ice":3,"minecraft:arrow":30,"minecraft:stone_shovel":2,"minecraft:hay_block":154,"minecraft:saddle":1,"minecraft:mutton":28,"minecraft:skeleton_skull":2,"minecraft:white_wool":15,"enemyexpansion:horsehead_helmet":1,"iceandfire:sea_serpent_fang":7,"minecraft:glow_ink_sac":3,"minecraft:leather":29,"minecraft:oak_log":3,"minecraft:gunpowder":37,"minecraft:white_banner":2,"naturalist:glow_goop":1,"naturalist:bass":4,"minecraft:stone_bricks":7,"minecraft:iron_ingot":16,"dynamictrees:birch_seed":1,"minecraft:stone_pickaxe":1,"minecraft:cobweb":35,"anonimusmc_ben10:prototype":6,"minecraft:oak_slab":3,"minecraft:dripstone_block":1,"minecraft:gravel":26,"minecraft:amethyst_shard":4,"minecraft:spruce_sapling":7,"minecraft:spruce_log":82,"pointblank:printer":5,"minecraft:spider_eye":4,"travelersbackpack:standard":1,"minecraft:slime_ball":1,"minecraft:stone_axe":2,"dynamictrees:jungle_seed":1,"iceandfire:sea_serpent_scales_red":3,"dynamictrees:cherry_seed":14,"iceandfire:ice_dragon_flesh":1,"minecraft:baked_potato":1,"minecraft:melon_seeds":13,"minecraft:black_wool":1,"minecraft:coal":172,"minecraft:ender_pearl":1},"minecraft:mined":{"minecraft:attached_melon_stem":2,"minecraft:sculk_vein":1,"minecraft:obsidian":4,"anonimusmc_ben10:goop_block":4,"minecraft:spruce_trapdoor":2,"minecraft:grass_block":249,"minecraft:deepslate_tile_stairs":2,"minecraft:spawner":7,"minecraft:sculk_catalyst":5,"minecraft:iron_ore":201,"minecraft:cobbled_deepslate":4,"minecraft:fire":32,"minecraft:deepslate_lapis_ore":4,"minecraft:enchanting_table":3,"minecraft:pointed_dripstone":1,"minecraft:azalea_leaves":3,"minecraft:deepslate_redstone_ore":4,"minecraft:red_bed":3,"minecraft:blackstone":108,"minecraft:melon_stem":4,"minecraft:smoker":1,"minecraft:soul_fire":2,"minecraft:torch":11,"minecraft:melon":10,"minecraft:chest":1,"minecraft:cobblestone":103,"minecraft:oak_planks":19,"minecraft:wall_torch":8,"minecraft:birch_log":64,"minecraft:wheat":203,"minecraft:wither_rose":1,"minecraft:grass":57,"minecraft:oak_log":2,"minecraft:dirt":312,"minecraft:smooth_basalt":1,"minecraft:deepslate":90,"minecraft:tuff":19,"iceandfire:silver_ore":18,"minecraft:mossy_cobblestone":2,"minecraft:deepslate_diamond_ore":52,"minecraft:dark_oak_log":12,"minecraft:glow_lichen":1,"gravestone:gravestone":7,"minecraft:allium":1,"mcwbridges:rope_oak_bridge":28,"minecraft:spruce_leaves":22,"dynamictrees:cherry_sapling":1,"minecraft:moss_block":1,"minecraft:large_fern":3,"minecraft:hay_block":155,"neapolitan:banana_bundle":1,"minecraft:spruce_sapling":1,"minecraft:furnace":6,"minecraft:acacia_stairs":1,"minecraft:andesite":60,"supplementaries:gunpowder":1,"minecraft:peony":1,"minecraft:deepslate_iron_ore":57,"minecraft:vine":1,"minecraft:bamboo":1,"minecraft:white_tulip":2,"minecraft:stone":322,"minecraft:white_wool":1,"minecraft:smithing_table":1,"minecraft:glass_pane":1,"minecraft:oak_fence":5,"minecraft:crafting_table":3,"minecraft:sculk_sensor":3,"minecraft:stone_slab":7,"minecraft:copper_ore":55,"minecraft:tall_grass":37,"minecraft:deepslate_gold_ore":8,"minecraft:lapis_ore":10,"mcwbridges:oak_log_bridge_middle":3,"minecraft:sculk":31,"supplementaries:urn":47,"minecraft:spruce_stairs":110,"minecraft:spruce_log":81,"minecraft:coal_ore":130,"minecraft:gravel":31,"minecraft:dripstone_block":2,"pointblank:workstation":2,"minecraft:cobweb":106,"minecraft:acacia_planks":1,"minecraft:stone_bricks":7,"minecraft:gold_ore":5,"pointblank:printer":5,"minecraft:birch_fence":1,"minecraft:fern":6},"minecraft:custom":{"minecraft:animals_bred":4,"minecraft:interact_with_crafting_table":173,"minecraft:bell_ring":4,"minecraft:leave_game":11,"minecraft:time_since_death":53184,"minecraft:sprint_one_cm":1175926,"minecraft:damage_blocked_by_shield":4512,"minecraft:drop":195,"minecraft:talked_to_villager":2,"minecraft:play_time":515889,"minecraft:deaths":8,"minecraft:jump":11592,"minecraft:walk_on_water_one_cm":44745,"minecraft:enchant_item":12,"minecraft:interact_with_furnace":127,"minecraft:sleep_in_bed":7,"minecraft:damage_dealt":69678,"minecraft:player_kills":5,"minecraft:crouch_one_cm":109432,"minecraft:interact_with_smoker":32,"minecraft:interact_with_smithing_table":3,"minecraft:mob_kills":447,"minecraft:damage_dealt_resisted":144,"minecraft:climb_one_cm":4264,"minecraft:walk_one_cm":873690,"minecraft:raid_win":1,"minecraft:sneak_time":40100,"minecraft:walk_under_water_one_cm":53650,"minecraft:interact_with_blast_furnace":69,"minecraft:total_world_time":515889,"minecraft:raid_trigger":1,"minecraft:interact_with_grindstone":1,"minecraft:time_since_rest":53207,"minecraft:damage_absorbed":77,"minecraft:damage_taken":10567,"minecraft:swim_one_cm":55331,"minecraft:fly_one_cm":2485653,"minecraft:open_chest":195,"minecraft:fall_one_cm":343149}},"DataVersion":3465}