{"stats":{"minecraft:killed_by":{"iceandfire:ice_dragon":3,"iceandfire:fire_dragon":2,"minecraft:player":2,"apollyon:the_damned":1},"minecraft:broken":{"minecraft:iron_boots":1,"minecraft:iron_chestplate":1,"minecraft:iron_leggings":1,"simplyswords:iron_halberd":1,"minecraft:iron_pickaxe":1,"minecraft:iron_helmet":3,"minecraft:iron_shovel":1,"minecraft:stone_axe":2,"iceandfire:armor_silver_metal_boots":1,"iceandfire:stymphalian_bird_dagger":1},"minecraft:used":{"iceandfire:lectern":1,"dynamictrees:cocoa_seed":1,"iceandfire:dragon_skull_ice":6,"minecraft:chest":5,"minecraft:stone":2,"minecraft:rotten_flesh":7,"minecraft:bow":20,"minecraft:furnace":10,"minecraft:oak_sapling":16,"minecraft:egg":1,"minecraft:potato":1,"minecraft:diorite":1,"iceandfire:stymphalian_bird_dagger":437,"minecraft:golden_apple":2,"minecraft:blast_furnace":4,"simplyswords:iron_halberd":445,"minecraft:birch_fence":3,"iceandfire:lightning_dragon_flesh":1,"neapolitan:banana_bunch":3,"minecraft:diamond_sword":101,"minecraft:smithing_table":2,"minecraft:enchanting_table":5,"minecraft:armor_stand":10,"useless_sword:emerald_chestplate":2,"travelersbackpack:bat":1,"minecraft:orange_bed":1,"minecraft:torch":216,"minecraft:anvil":1,"minecraft:flowering_azalea":2,"minecraft:gunpowder":2,"minecraft:cobbled_deepslate":64,"minecraft:acacia_planks":143,"mcwbridges:rope_oak_bridge":22,"naturalist:bass":4,"minecraft:wheat_seeds":251,"minecraft:water_bucket":74,"minecraft:cherry_planks":2,"supplementaries:bomb":5,"minecraft:crafting_table":17,"minecraft:red_bed":2,"minecraft:white_bed":2,"minecraft:spruce_log":59,"minecraft:diamond_pickaxe":1546,"minecraft:diamond_shovel":559,"minecraft:iron_pickaxe":374,"minecraft:spruce_trapdoor":23,"minecraft:spruce_sapling":5,"minecraft:cobblestone":315,"minecraft:acacia_pressure_plate":2,"minecraft:cooked_porkchop":17,"iceandfire:tide_trident":104,"minecraft:moss_carpet":1,"minecraft:iron_shovel":237,"minecraft:diamond_hoe":713,"minecraft:shield":177,"minecraft:iron_chestplate":2,"minecraft:birch_pressure_plate":2,"minecraft:carrot":20,"minecraft:tuff":8,"iceandfire:armor_silver_metal_leggings":1,"neapolitan:vanilla_fudge":2,"pointblank:workstation":17,"minecraft:hay_block":1,"travelersbackpack:spider":9,"dynamictrees:spruce_seed":3,"minecraft:oak_planks":3,"minecraft:diamond_axe":613,"minecraft:sugar_cane":62,"minecraft:white_wool":3,"minecraft:shears":37,"minecraft:brown_wool":1,"minecraft:bread":191,"minecraft:melon_slice":46,"minecraft:string":2,"minecraft:grindstone":1,"minecraft:andesite":24,"minecraft:bone_meal":44,"minecraft:experience_bottle":3,"minecraft:cobweb":13,"minecraft:oak_fence":5,"minecraft:white_tulip":2,"minecraft:redstone_ore":1,"minecraft:spruce_planks":8,"dynamictrees:oak_seed":13,"minecraft:cooked_chicken":4,"minecraft:dirt":601,"minecraft:spruce_stairs":32,"minecraft:raw_iron_block":1,"minecraft:birch_door":4,"minecraft:bookshelf":16,"mcwbridges:oak_log_bridge_middle":5,"dynamictrees:birch_seed":1,"minecraft:cooked_beef":21,"minecraft:iron_leggings":3,"minecraft:cooked_mutton":28,"minecraft:acacia_boat":9,"pointblank:printer":10,"minecraft:birch_boat":3,"useless_sword:pillager_dagger":266,"dynamictrees:mangrove_roots":1,"neapolitan:banana":3,"minecraft:smoker":4,"dynamictrees:cherry_seed":2,"minecraft:black_wool":1,"minecraft:stone_slab":6,"iceandfire:seaserpent_skull":1,"minecraft:stone_axe":100,"minecraft:white_banner":1,"minecraft:bucket":91,"minecraft:wither_rose":6},"minecraft:crafted":{"minecraft:smooth_stone":6,"travelersbackpack:crafting_upgrade":1,"minecraft:birch_boat":1,"minecraft:diamond_shovel":1,"minecraft:bookshelf":16,"minecraft:cooked_mutton":28,"minecraft:glass":18,"iceandfire:armor_silver_metal_chestplate":2,"minecraft:diamond_helmet":1,"minecraft:birch_door":3,"minecraft:cooked_porkchop":19,"minecraft:diamond_axe":3,"travelersbackpack:standard":1,"minecraft:smithing_table":2,"minecraft:copper_ingot":488,"useless_sword:emerald_leggings":1,"minecraft:hay_block":36,"minecraft:stone_slab":6,"minecraft:iron_pickaxe":2,"minecraft:iron_block":31,"minecraft:gold_ingot":44,"pointblank:guninternals":51,"minecraft:smooth_stone_slab":6,"minecraft:iron_nugget":27,"minecraft:diamond_hoe":1,"minecraft:bone_meal":249,"travelersbackpack:blank_upgrade":4,"travelersbackpack:gold_tier_upgrade":1,"minecraft:diamond_boots":1,"iceandfire:armor_silver_metal_boots":1,"minecraft:lead":4,"travelersbackpack:spider":3,"minecraft:wheat":963,"pointblank:processor":1,"minecraft:enchanting_table":1,"simplyswords:iron_halberd":2,"minecraft:iron_shovel":1,"minecraft:iron_leggings":2,"minecraft:armor_stand":6,"minecraft:white_bed":1,"minecraft:grindstone":1,"minecraft:oak_planks":12,"minecraft:acacia_pressure_plate":1,"minecraft:cooked_chicken":4,"iceandfire:lectern":1,"minecraft:stone":11,"minecraft:bow":2,"minecraft:iron_boots":1,"minecraft:raw_copper":126,"iceandfire:armor_silver_metal_leggings":1,"minecraft:chest":4,"minecraft:copper_block":21,"minecraft:oak_fence":3,"minecraft:raw_iron_block":13,"minecraft:smoker":1,"pointblank:printer":1,"minecraft:oak_slab":6,"pointblank:gunmetal_mesh":248,"minecraft:arrow":8,"minecraft:crafting_table":16,"minecraft:spruce_planks":68,"minecraft:iron_helmet":2,"minecraft:birch_pressure_plate":1,"minecraft:gold_block":9,"minecraft:birch_planks":256,"mcwbridges:oak_log_bridge_middle":4,"minecraft:spruce_trapdoor":22,"minecraft:iron_chestplate":2,"minecraft:book":48,"minecraft:paper":153,"minecraft:diamond_pickaxe":1,"minecraft:shield":2,"minecraft:birch_fence":3,"minecraft:stick":108,"minecraft:iron_ingot":635,"minecraft:shears":1,"minecraft:cherry_planks":100,"minecraft:raw_iron":144,"minecraft:fishing_rod":1,"minecraft:furnace":5,"minecraft:blast_furnace":1,"minecraft:raw_copper_block":14,"minecraft:glass_pane":16,"useless_sword:emerald_chestplate":1,"minecraft:cooked_beef":18,"iceandfire:silver_ingot":16,"pointblank:gunmetal_ingot":321,"travelersbackpack:backpack_tank":2,"useless_sword:pillager_dagger":1,"iceandfire:tide_trident":2,"minecraft:bucket":1,"minecraft:stone_axe":1,"minecraft:bread":197,"minecraft:acacia_boat":4,"minecraft:air":0,"iceandfire:armor_silver_metal_helmet":1,"iceandfire:stymphalian_bird_dagger":2,"minecraft:anvil":1,"minecraft:acacia_planks":164,"minecraft:torch":140},"minecraft:killed":{"minecraft:cave_spider":5,"iceandfire:hippogryph":1,"enemyexpansion:equestrian":5,"naturalist:robin":3,"iceandfire:stymphalian_bird":8,"minecraft:skeleton":48,"minecraft:guardian":4,"minecraft:chicken":18,"enemyexpansion:vampflyer":1,"naturalist:firefly":1,"naturalist:snake":1,"minecraft:pillager":17,"enemyexpansion:meature":3,"minecraft:zombie":212,"enemyexpansion:vampire":1,"enemyexpansion:botfly":40,"minecraft:glow_squid":2,"iceandfire:sea_serpent":3,"minecraft:cow":33,"enemyexpansion:trollenraged":1,"minecraft:vindicator":6,"enemyexpansion:faller":1,"naturalist:deer":2,"enemyexpansion:silverqueen":1,"iceandfire:hippocampus":1,"iceandfire:cyclops":3,"enemyexpansion:sprinter":7,"minecraft:ravager":2,"iceandfire:ice_dragon":5,"minecraft:enderman":4,"naturalist:zebra":3,"minecraft:spider":26,"minecraft:silverfish":8,"artifacts:mimic":2,"minecraft:pig":10,"minecraft:zombie_villager":1,"minecraft:creeper":51,"minecraft:sheep":14,"cataclysm:deepling_brute":1,"cave_dweller:cave_dweller":2,"apollyon:the_damned":12,"enemyexpansion:intruder":1,"enemyexpansion:direwolf":19,"minecraft:phantom":2,"iceandfire:fire_dragon":3,"naturalist:bass":5,"naturalist:butterfly":1,"slenderman:slenderman":1,"ecologics:squirrel":2,"enemyexpansion:huntsman":3,"minecraft:villager":1,"enemyexpansion:slugger":6},"minecraft:dropped":{"iceandfire:raw_silver":3,"minecraft:cooked_beef":3,"minecraft:glow_ink_sac":3,"dynamictrees:cocoa_seed":2,"minecraft:glass_bottle":5,"minecraft:diamond":2,"minecraft:crafting_table":2,"minecraft:cooked_porkchop":10,"pointblank:glock17":1,"minecraft:crossbow":1,"minecraft:orange_tulip":2,"simplyswords:iron_halberd":1,"minecraft:dirt":79,"minecraft:packed_mud":3,"minecraft:birch_fence":1,"iceandfire:sea_serpent_scales_red":3,"minecraft:gold_nugget":9,"minecraft:iron_pickaxe":1,"minecraft:white_wool":9,"minecraft:bone":6,"minecraft:stone_axe":1,"minecraft:sugar_cane":2,"minecraft:iron_nugget":8,"minecraft:cobbled_deepslate":16,"minecraft:wheat":7,"minecraft:rotten_flesh":124,"minecraft:oak_planks":4,"dynamictrees:mangrove_roots":2,"minecraft:beef":6,"pointblank:ak74":2,"minecraft:iron_ingot":1,"minecraft:wheat_seeds":404,"dynamictrees:birch_seed":1,"minecraft:dripstone_block":1,"travelersbackpack:chicken":2,"minecraft:oak_fence":1,"minecraft:feather":3,"minecraft:cobblestone":87,"naturalist:glow_goop":1,"mcwbridges:oak_log_bridge_middle":1,"minecraft:ink_sac":3,"travelersbackpack:blank_upgrade":2,"minecraft:white_banner":3,"minecraft:string":26,"minecraft:spruce_sapling":2,"iceandfire:dragon_skull_fire":4,"minecraft:stone_shovel":2,"minecraft:chicken":9,"minecraft:iron_boots":3,"neapolitan:ice_cubes":5,"minecraft:stone_slab":2,"pointblank:ar_muzzlebrake":1,"supplementaries:quiver":3,"minecraft:allium":4,"minecraft:spruce_trapdoor":1,"minecraft:spruce_planks":2,"minecraft:diamond_pickaxe":2,"iceandfire:silver_ingot":7,"minecraft:spider_eye":2,"minecraft:bow":2,"iceandfire:sea_serpent_fang":4,"naturalist:antler":1,"minecraft:candle":1,"minecraft:birch_planks":1,"minecraft:diamond_axe":2,"minecraft:oak_log":129,"minecraft:baked_potato":1,"iceandfire:ice_dragon_flesh":19,"iceandfire:fire_dragon_flesh":20,"minecraft:leather":4,"dynamictrees:spruce_seed":1,"dynamictrees:jungle_seed":1,"minecraft:dark_oak_log":10,"minecraft:mutton":3,"useless_sword:guardian_spikes":1,"useless_sword:pillager_dagger":1,"gravestone:obituary":25,"anonimusmc_ben10:prototype":5,"pointblank:rhino":3,"minecraft:gravel":60,"minecraft:white_tulip":6,"enemyexpansion:horsehead_helmet":1,"minecraft:blackstone":1,"dynamictrees:oak_seed":3,"minecraft:pointed_dripstone":1,"iceandfire:frozen_stone":1,"pointblank:spas12":4,"minecraft:carrot":1,"supplementaries:antique_ink":2,"supplementaries:ash":44,"pointblank:ammo357":5,"minecraft:gunpowder":13,"naturalist:venison":1,"minecraft:melon_seeds":13,"minecraft:birch_door":1,"minecraft:azalea":1,"minecraft:arrow":12,"minecraft:bread":3,"minecraft:oak_slab":3,"minecraft:mossy_cobblestone":2,"dynamictrees:dark_oak_seed":1,"minecraft:prismarine_shard":1,"mcwbridges:rope_oak_bridge":2,"minecraft:copper_ingot":42,"minecraft:spruce_stairs":6,"iceandfire:lightning_dragon_flesh":1,"minecraft:grass_block":1,"minecraft:stick":32,"iceandfire:armor_silver_metal_chestplate":1,"travelersbackpack:spider":1,"minecraft:wither_rose":6,"pointblank:ammo12gauge":1,"minecraft:raw_copper":6,"minecraft:tuff":1,"minecraft:glass_pane":14,"minecraft:red_terracotta":3,"pointblank:gunmetal_nugget":7,"pointblank:holographic":1,"iceandfire:sea_serpent_arrow":4,"dynamictrees:warped_seed":1,"minecraft:iron_chestplate":3,"minecraft:andesite":33,"iceandfire:fire_dragon_heart":2,"minecraft:stone_pickaxe":1,"minecraft:raw_gold":3,"pointblank:foregrip":1},"minecraft:picked_up":{"minecraft:birch_door":3,"minecraft:iron_chestplate":1,"pointblank:spas12":3,"minecraft:prismarine_shard":1,"minecraft:flower_pot":1,"minecraft:stone_slab":8,"minecraft:smithing_table":1,"minecraft:lead":13,"minecraft:acacia_pressure_plate":1,"minecraft:wither_rose":17,"minecraft:string":87,"neapolitan:banana_bunch":3,"minecraft:cobbled_deepslate":99,"dynamictrees:dark_oak_seed":1,"minecraft:diamond_leggings":2,"minecraft:gold_nugget":9,"mcwbridges:oak_log_bridge_middle":3,"minecraft:spruce_planks":10,"minecraft:melon_slice":46,"pointblank:workstation":18,"minecraft:acacia_log":41,"iceandfire:lightning_dragon_flesh":7,"minecraft:cherry_log":29,"minecraft:deepslate_tile_stairs":2,"minecraft:orange_bed":1,"iceandfire:fire_dragon_heart":4,"supplementaries:ash":58,"supplementaries:quiver":3,"minecraft:birch_log":64,"minecraft:magma_block":5,"minecraft:feather":27,"minecraft:cooked_beef":6,"minecraft:brown_wool":1,"minecraft:smoker":2,"minecraft:flint":2,"minecraft:diamond_helmet":2,"naturalist:snail_shell":1,"iceandfire:dragonscales_sapphire":11,"iceandfire:dragon_skull_fire":4,"iceandfire:shiny_scales":1,"iceandfire:stymphalian_bird_feather":17,"minecraft:ink_sac":3,"iceandfire:lightning_dragon_heart":1,"minecraft:dark_oak_log":10,"minecraft:trapped_chest":1,"minecraft:red_terracotta":3,"naturalist:antler":1,"minecraft:bread":3,"iceandfire:raw_silver":18,"minecraft:diamond_pickaxe":1,"iceandfire:dragon_skull_lightning":1,"minecraft:crafting_table":5,"gravestone:obituary":12,"iceandfire:sea_serpent_scales_blue":9,"minecraft:red_bed":3,"artifacts:power_glove":1,"supplementaries:bomb":5,"pointblank:rhino":4,"iceandfire:sea_serpent_arrow":4,"minecraft:beef":73,"minecraft:iron_nugget":20,"minecraft:chest":3,"dynamictrees:cocoa_seed":2,"minecraft:egg":1,"minecraft:sandstone":9,"pointblank:gunmetal_nugget":604,"minecraft:carrot":12,"minecraft:redstone":24,"iceandfire:dragon_skull_ice":8,"minecraft:tnt":1,"minecraft:stone_shovel":2,"minecraft:diamond_boots":1,"minecraft:hay_block":154,"minecraft:mutton":31,"minecraft:white_wool":15,"enemyexpansion:horsehead_helmet":1,"iceandfire:sea_serpent_fang":16,"minecraft:packed_mud":3,"minecraft:oak_log":133,"iceandfire:dragonscales_blue":48,"minecraft:white_banner":5,"minecraft:birch_pressure_plate":1,"minecraft:apple":3,"minecraft:stone_bricks":7,"useless_sword:emerald_leggings":1,"minecraft:stone_pickaxe":1,"minecraft:cobweb":35,"minecraft:glass_bottle":5,"minecraft:flowering_azalea":2,"minecraft:gravel":60,"minecraft:spruce_sapling":7,"minecraft:spruce_log":82,"pointblank:printer":9,"travelersbackpack:standard":1,"minecraft:slime_ball":1,"minecraft:stone_axe":2,"iceandfire:ice_dragon_flesh":20,"minecraft:baked_potato":1,"minecraft:melon_seeds":13,"minecraft:ender_pearl":1,"minecraft:wheat":201,"useless_sword:guardian_spikes":1,"mcwbridges:rope_oak_bridge":27,"travelersbackpack:spider":1,"useless_sword:emerald_chestplate":1,"minecraft:raw_copper":353,"minecraft:armor_stand":4,"minecraft:zombie_head":1,"pointblank:ak74":1,"minecraft:white_tulip":8,"minecraft:azalea":1,"dynamictrees:oak_seed":15,"minecraft:iron_boots":1,"minecraft:furnace":7,"minecraft:stick":79,"minecraft:oak_fence":5,"minecraft:torch":73,"iceandfire:dragonscales_white":136,"minecraft:spruce_stairs":107,"minecraft:porkchop":18,"minecraft:pointed_dripstone":1,"minecraft:diorite":31,"minecraft:rotten_flesh":229,"supplementaries:antique_ink":2,"travelersbackpack:chicken":2,"minecraft:obsidian":4,"minecraft:cobblestone":575,"minecraft:enchanting_table":4,"minecraft:cherry_planks":12,"minecraft:andesite":76,"minecraft:potato":1,"minecraft:tuff":10,"supplementaries:flax_seeds":8,"minecraft:acacia_boat":5,"minecraft:lapis_lazuli":175,"minecraft:dirt":675,"minecraft:bone":62,"minecraft:acacia_planks":1,"minecraft:bow":3,"minecraft:orange_tulip":9,"minecraft:wheat_seeds":662,"minecraft:raw_gold":27,"dynamictrees:warped_seed":1,"minecraft:bamboo":7,"minecraft:oak_planks":84,"minecraft:cooked_porkchop":8,"minecraft:sand":67,"minecraft:grass_block":1,"minecraft:mossy_cobblestone":2,"dynamictrees:mangrove_roots":2,"artifacts:golden_hook":1,"minecraft:diamond":105,"iceandfire:dragon_ice":1,"minecraft:crossbow":1,"iceandfire:seaserpent_skull":1,"minecraft:emerald":21,"minecraft:oak_sapling":16,"minecraft:allium":4,"minecraft:azure_bluet":1,"minecraft:chicken":19,"naturalist:venison":1,"dynamictrees:spruce_seed":3,"minecraft:shield":1,"iceandfire:frozen_stone":18,"minecraft:moss_carpet":1,"minecraft:birch_fence":1,"minecraft:blackstone":136,"minecraft:candle":3,"minecraft:sugar_cane":217,"useless_sword:ravager_leather":2,"minecraft:spruce_trapdoor":2,"minecraft:phantom_membrane":1,"iceandfire:ice_dragon_heart":5,"minecraft:raw_iron":324,"iceandfire:dragonbone":89,"iceandfire:dragonscales_green":7,"minecraft:copper_ingot":160,"minecraft:arrow":34,"iceandfire:cyclops_eye":1,"minecraft:saddle":1,"minecraft:skeleton_skull":2,"minecraft:glow_ink_sac":3,"minecraft:leather":60,"minecraft:gunpowder":59,"naturalist:glow_goop":1,"naturalist:bass":4,"neapolitan:ice_cubes":5,"minecraft:iron_ingot":24,"dynamictrees:birch_seed":1,"anonimusmc_ben10:prototype":6,"iceandfire:fire_dragon_flesh":20,"minecraft:oak_slab":3,"pointblank:glock17":1,"minecraft:birch_boat":2,"minecraft:dandelion":2,"minecraft:dripstone_block":1,"minecraft:raw_iron_block":1,"minecraft:amethyst_shard":4,"minecraft:blast_furnace":3,"minecraft:white_bed":1,"minecraft:spider_eye":5,"dynamictrees:jungle_seed":1,"iceandfire:sea_serpent_scales_red":8,"dynamictrees:cherry_seed":14,"minecraft:black_wool":1,"minecraft:coal":201},"minecraft:mined":{"minecraft:white_bed":1,"minecraft:obsidian":4,"anonimusmc_ben10:goop_block":4,"minecraft:acacia_log":43,"minecraft:deepslate_tile_stairs":2,"minecraft:acacia_pressure_plate":1,"minecraft:spawner":8,"minecraft:cobbled_deepslate":7,"minecraft:fire":35,"minecraft:deepslate_lapis_ore":7,"minecraft:enchanting_table":4,"minecraft:orange_bed":2,"minecraft:red_bed":3,"minecraft:smoker":2,"minecraft:soul_fire":2,"minecraft:torch":11,"minecraft:blast_furnace":3,"minecraft:melon":10,"iceandfire:sapphire_ore":1,"minecraft:sugar_cane":126,"minecraft:wheat":238,"minecraft:birch_door":2,"minecraft:wither_rose":1,"minecraft:grass":84,"minecraft:smooth_basalt":1,"minecraft:deepslate":125,"iceandfire:silver_ore":18,"minecraft:mossy_cobblestone":2,"minecraft:dark_oak_log":12,"minecraft:allium":1,"minecraft:moss_block":1,"minecraft:redstone_ore":1,"neapolitan:banana_bundle":1,"minecraft:packed_mud":3,"minecraft:andesite":64,"minecraft:vine":1,"minecraft:bamboo":1,"minecraft:white_wool":1,"minecraft:smithing_table":1,"minecraft:glass_pane":1,"minecraft:emerald_ore":4,"minecraft:tall_grass":40,"minecraft:copper_ore":102,"minecraft:deepslate_gold_ore":17,"mcwbridges:oak_log_bridge_middle":3,"minecraft:diorite":14,"minecraft:red_terracotta":3,"minecraft:spruce_log":81,"minecraft:birch_leaves":13,"minecraft:gravel":83,"minecraft:dripstone_block":2,"minecraft:cobweb":106,"minecraft:acacia_planks":2,"minecraft:stone_bricks":7,"minecraft:gold_ore":5,"minecraft:fern":7,"minecraft:attached_melon_stem":2,"minecraft:oak_sapling":4,"minecraft:sculk_vein":1,"minecraft:brewing_stand":1,"minecraft:spruce_trapdoor":2,"minecraft:grass_block":315,"minecraft:raw_iron_block":1,"minecraft:sculk_catalyst":5,"minecraft:iron_ore":261,"minecraft:pointed_dripstone":1,"minecraft:flowering_azalea_leaves":28,"minecraft:azalea_leaves":102,"minecraft:deepslate_redstone_ore":4,"minecraft:blackstone":109,"minecraft:melon_stem":4,"minecraft:chest":1,"minecraft:cobblestone":112,"minecraft:oak_planks":19,"minecraft:wall_torch":9,"minecraft:deepslate_copper_ore":18,"minecraft:birch_log":64,"minecraft:tnt":1,"minecraft:oak_log":87,"minecraft:sand":67,"minecraft:dirt":322,"minecraft:oak_leaves":309,"minecraft:diamond_ore":3,"minecraft:tuff":20,"minecraft:deepslate_diamond_ore":102,"iceandfire:frozen_cobblestone":2,"minecraft:glow_lichen":1,"gravestone:gravestone":10,"iceandfire:frozen_stone":1,"minecraft:decorated_pot":1,"dynamictrees:cherry_sapling":1,"minecraft:spruce_leaves":22,"mcwbridges:rope_oak_bridge":28,"iceandfire:dragon_ice":1,"minecraft:sandstone":9,"minecraft:large_fern":4,"minecraft:hay_block":155,"minecraft:spruce_sapling":1,"minecraft:furnace":7,"minecraft:acacia_stairs":1,"supplementaries:gunpowder":2,"minecraft:peony":1,"minecraft:deepslate_iron_ore":66,"minecraft:stone":450,"minecraft:white_tulip":6,"minecraft:birch_pressure_plate":1,"minecraft:acacia_leaves":2,"minecraft:flowering_azalea":1,"minecraft:oak_fence":5,"minecraft:crafting_table":3,"minecraft:sculk_sensor":3,"minecraft:stone_slab":7,"minecraft:lapis_ore":16,"minecraft:sculk":31,"supplementaries:urn":47,"minecraft:spruce_stairs":110,"minecraft:ice":3,"minecraft:coal_ore":143,"pointblank:workstation":18,"dynamictrees:oak_sapling":3,"pointblank:printer":9,"minecraft:birch_fence":1},"minecraft:custom":{"minecraft:interact_with_crafting_table":308,"minecraft:open_barrel":32,"minecraft:bell_ring":4,"minecraft:eat_cake_slice":2,"minecraft:leave_game":14,"minecraft:time_since_death":287705,"minecraft:damage_blocked_by_shield":4887,"minecraft:play_time":898592,"minecraft:deaths":13,"minecraft:jump":17144,"minecraft:enchant_item":14,"minecraft:interact_with_furnace":145,"minecraft:sleep_in_bed":8,"minecraft:damage_dealt":100495,"minecraft:interact_with_smoker":36,"minecraft:interact_with_smithing_table":11,"minecraft:sneak_time":49786,"minecraft:interact_with_blast_furnace":155,"minecraft:total_world_time":898592,"minecraft:time_since_rest":287730,"minecraft:swim_one_cm":220897,"minecraft:fly_one_cm":5468193,"minecraft:open_chest":297,"minecraft:fall_one_cm":500455,"minecraft:animals_bred":16,"minecraft:sprint_one_cm":1701699,"minecraft:drop":318,"minecraft:talked_to_villager":10,"minecraft:walk_on_water_one_cm":116797,"minecraft:player_kills":8,"minecraft:crouch_one_cm":132370,"minecraft:mob_kills":627,"minecraft:damage_dealt_resisted":144,"minecraft:climb_one_cm":4560,"minecraft:walk_one_cm":1264991,"minecraft:raid_win":2,"minecraft:walk_under_water_one_cm":118690,"minecraft:boat_one_cm":294611,"minecraft:raid_trigger":2,"minecraft:interact_with_grindstone":1,"minecraft:damage_taken":17356,"minecraft:damage_absorbed":77,"minecraft:trigger_trapped_chest":2}},"DataVersion":3465}