{"stats":{"minecraft:killed":{"minecraft:sheep":4,"minecraft:skeleton":1,"minecraft:cow":4,"minecraft:creeper":1},"minecraft:mined":{"minecraft:podzol":2,"minecraft:furnace":2,"minecraft:mossy_cobblestone":5,"minecraft:iron_ore":11,"minecraft:pumpkin":1,"minecraft:crafting_table":3,"minecraft:emerald_ore":1,"minecraft:decorated_pot":1,"minecraft:coal_ore":49,"minecraft:gravel":1,"minecraft:dirt":8,"minecraft:cobblestone":5,"minecraft:stone":132,"minecraft:wall_torch":2,"minecraft:fern":2},"minecraft:used":{"minecraft:stone_pickaxe":131,"minecraft:iron_pickaxe":68,"minecraft:wooden_pickaxe":14,"minecraft:stone_axe":22,"minecraft:torch":7,"minecraft:mossy_cobblestone":4,"minecraft:dirt":10,"minecraft:cobblestone":2,"minecraft:crafting_table":4,"minecraft:furnace":2,"minecraft:cooked_mutton":2,"minecraft:smoker":1},"minecraft:crafted":{"minecraft:crafting_table":1,"minecraft:spruce_planks":32,"minecraft:stick":8,"minecraft:iron_pickaxe":1,"minecraft:wooden_pickaxe":1,"minecraft:iron_ingot":8,"minecraft:stone_pickaxe":1,"minecraft:furnace":1,"minecraft:torch":8,"minecraft:stone_axe":1,"minecraft:cooked_mutton":2,"minecraft:smoker":1,"minecraft:air":0},"minecraft:picked_up":{"minecraft:crafting_table":3,"minecraft:stick":12,"minecraft:raw_iron":11,"minecraft:burn_pottery_sherd":1,"minecraft:pumpkin":1,"minecraft:leather":5,"dynamictrees:spruce_seed":2,"minecraft:torch":2,"minecraft:flint":1,"minecraft:gunpowder":2,"minecraft:spruce_log":13,"minecraft:mossy_cobblestone":4,"minecraft:dirt":10,"minecraft:howl_pottery_sherd":1,"minecraft:explorer_pottery_sherd":1,"minecraft:bone":2,"minecraft:arrow":2,"minecraft:beef":10,"minecraft:mutton":5,"minecraft:arms_up_pottery_sherd":1,"minecraft:coal":75,"minecraft:white_wool":4,"minecraft:cobblestone":137,"minecraft:furnace":2},"minecraft:custom":{"minecraft:time_since_rest":16835,"minecraft:interact_with_furnace":3,"minecraft:sprint_one_cm":35049,"minecraft:damage_taken":120,"minecraft:walk_one_cm":27029,"minecraft:mob_kills":10,"minecraft:damage_dealt":1119,"minecraft:swim_one_cm":4005,"minecraft:interact_with_crafting_table":11,"minecraft:fly_one_cm":29637,"minecraft:crouch_one_cm":1590,"minecraft:play_time":16835,"minecraft:sneak_time":858,"minecraft:walk_under_water_one_cm":157,"minecraft:jump":290,"minecraft:leave_game":1,"minecraft:walk_on_water_one_cm":515,"minecraft:time_since_death":16835,"minecraft:interact_with_smoker":3,"minecraft:total_world_time":16835,"minecraft:fall_one_cm":3555},"minecraft:broken":{"minecraft:stone_pickaxe":1}},"DataVersion":3465}