{"stats":{"minecraft:mined":{"minecraft:podzol":1,"minecraft:dirt":4,"minecraft:stone":38,"minecraft:crafting_table":1,"minecraft:fern":1},"minecraft:used":{"minecraft:stone_axe":1,"minecraft:dirt":1,"minecraft:crafting_table":1,"minecraft:stone_pickaxe":24,"minecraft:wooden_pickaxe":14},"minecraft:crafted":{"minecraft:stone_axe":1,"minecraft:crafting_table":1,"minecraft:spruce_planks":32,"minecraft:stick":4,"minecraft:stone_pickaxe":1,"minecraft:wooden_pickaxe":1},"minecraft:picked_up":{"minecraft:stick":4,"minecraft:crafting_table":1,"dynamictrees:spruce_seed":1,"minecraft:spruce_log":8,"minecraft:dirt":5,"minecraft:cobblestone":37},"minecraft:custom":{"minecraft:time_since_rest":4835,"minecraft:crouch_one_cm":618,"minecraft:sprint_one_cm":3163,"minecraft:play_time":4835,"minecraft:walk_one_cm":4512,"minecraft:sneak_time":425,"minecraft:jump":20,"minecraft:leave_game":1,"minecraft:time_since_death":4835,"minecraft:total_world_time":4835,"minecraft:interact_with_crafting_table":3,"minecraft:fall_one_cm":627,"minecraft:fly_one_cm":3181}},"DataVersion":3465}