{"stats":{"minecraft:custom":{"minecraft:interact_with_smithing_table":7,"minecraft:mob_kills":62,"minecraft:interact_with_crafting_table":47,"minecraft:open_barrel":30,"minecraft:bell_ring":6,"minecraft:leave_game":5,"minecraft:time_since_death":33777,"minecraft:climb_one_cm":4713,"minecraft:sprint_one_cm":320154,"minecraft:walk_one_cm":170000,"minecraft:damage_blocked_by_shield":1440,"minecraft:drop":17,"minecraft:play_time":112768,"minecraft:deaths":2,"minecraft:sneak_time":2666,"minecraft:walk_under_water_one_cm":26728,"minecraft:boat_one_cm":115920,"minecraft:jump":3765,"minecraft:walk_on_water_one_cm":35151,"minecraft:total_world_time":112768,"minecraft:interact_with_furnace":29,"minecraft:tune_noteblock":1,"minecraft:sleep_in_bed":5,"minecraft:time_since_rest":3251,"minecraft:damage_taken":2460,"minecraft:damage_dealt":11069,"minecraft:swim_one_cm":97217,"minecraft:fly_one_cm":682522,"minecraft:open_chest":29,"minecraft:crouch_one_cm":6676,"minecraft:interact_with_smoker":9,"minecraft:inspect_dispenser":1,"minecraft:fall_one_cm":80805},"minecraft:dropped":{"minecraft:stone_hoe":2,"minecraft:iron_sword":2,"minecraft:cobblestone":12,"dynamictrees:spruce_seed":6,"minecraft:purple_dye":1,"minecraft:stick":2,"gravestone:obituary":2,"minecraft:sand":1,"minecraft:stone_axe":1,"minecraft:filled_map":1,"minecraft:spruce_planks":7,"minecraft:iron_chestplate":1,"minecraft:egg":1},"minecraft:killed":{"minecraft:vindicator":13,"minecraft:skeleton":10,"iceandfire:siren":1,"minecraft:pig":7,"minecraft:creeper":1,"minecraft:sheep":4,"minecraft:pillager":10,"iceandfire:sea_serpent":1,"minecraft:cow":8},"minecraft:crafted":{"travelersbackpack:crafting_upgrade":1,"minecraft:birch_boat":1,"minecraft:furnace":2,"travelersbackpack:blank_upgrade":4,"minecraft:cooked_mutton":5,"minecraft:glass":24,"travelersbackpack:white_sleeping_bag":1,"travelersbackpack:purple_sleeping_bag":1,"supplementaries:bomb":4,"minecraft:iron_axe":1,"minecraft:stone_pickaxe":1,"minecraft:chest":2,"minecraft:spruce_boat":2,"minecraft:stone_hoe":1,"minecraft:smoker":1,"minecraft:wheat":423,"minecraft:cooked_beef":10,"minecraft:red_dye":1,"travelersbackpack:iron_tier_upgrade":1,"minecraft:crafting_table":5,"minecraft:spruce_planks":64,"travelersbackpack:backpack_tank":4,"minecraft:wooden_pickaxe":1,"travelersbackpack:standard":1,"minecraft:smithing_table":1,"minecraft:bucket":1,"iceandfire:earplugs":1,"minecraft:birch_planks":24,"minecraft:stone_axe":1,"minecraft:bread":63,"minecraft:air":0,"minecraft:blue_dye":1,"minecraft:purple_dye":2,"minecraft:shield":1,"minecraft:stick":12,"minecraft:iron_ingot":16,"minecraft:iron_pickaxe":1,"minecraft:torch":12},"minecraft:picked_up":{"iceandfire:siren_tear":1,"minecraft:shelter_pottery_sherd":1,"minecraft:crafting_table":8,"minecraft:prismarine_shard":2,"minecraft:smithing_table":1,"dynamictrees:spruce_seed":6,"minecraft:gold_block":2,"minecraft:stone_brick_stairs":1,"minecraft:crimson_planks":3,"minecraft:cornflower":1,"minecraft:string":1,"iceandfire:sea_serpent_scales_teal":15,"minecraft:explorer_pottery_sherd":1,"minecraft:spruce_planks":14,"minecraft:beef":18,"minecraft:poppy":1,"minecraft:spruce_slab":4,"minecraft:egg":2,"minecraft:furnace":4,"minecraft:stick":32,"minecraft:raw_iron":13,"minecraft:torch":3,"minecraft:spruce_stairs":1,"minecraft:porkchop":20,"pointblank:gunmetal_nugget":23,"minecraft:prismarine_crystals":7,"minecraft:purple_terracotta":1,"minecraft:howl_pottery_sherd":1,"minecraft:arrow":10,"minecraft:hay_block":48,"minecraft:mutton":5,"minecraft:cobblestone":146,"minecraft:cod":1,"minecraft:white_wool":4,"minecraft:birch_log":6,"iceandfire:sea_serpent_fang":3,"minecraft:burn_pottery_sherd":1,"minecraft:leather":11,"minecraft:smoker":2,"minecraft:flint":1,"minecraft:gunpowder":2,"minecraft:dirt":10,"minecraft:bone":14,"minecraft:wheat_seeds":3,"dynamictrees:birch_seed":1,"minecraft:iron_sword":1,"minecraft:arms_up_pottery_sherd":1,"minecraft:stone_hoe":1,"minecraft:book":60,"minecraft:birch_boat":1,"minecraft:pumpkin":1,"minecraft:jungle_planks":6,"iceandfire:shiny_scales":7,"minecraft:sand":43,"minecraft:spruce_log":77,"travelersbackpack:purple_sleeping_bag":1,"minecraft:jungle_slab":6,"minecraft:mossy_cobblestone":4,"travelersbackpack:white_sleeping_bag":1,"travelersbackpack:standard":3,"minecraft:stone_axe":1,"minecraft:emerald":6,"minecraft:oak_sapling":1,"minecraft:coal":196},"minecraft:broken":{"minecraft:stone_pickaxe":1},"minecraft:used":{"minecraft:shield":54,"minecraft:iron_sword":28,"minecraft:stone_hoe":42,"minecraft:torch":13,"minecraft:dirt":10,"minecraft:jungle_planks":3,"minecraft:spruce_stairs":1,"minecraft:jungle_slab":6,"minecraft:spruce_boat":2,"minecraft:iron_axe":122,"minecraft:stone_brick_stairs":1,"minecraft:hay_block":1,"minecraft:furnace":4,"travelersbackpack:purple_sleeping_bag":1,"minecraft:egg":1,"minecraft:cooked_beef":10,"minecraft:cooked_mutton":5,"minecraft:stone_pickaxe":131,"minecraft:wooden_pickaxe":14,"minecraft:birch_boat":2,"minecraft:mossy_cobblestone":4,"minecraft:sand":18,"minecraft:crafting_table":10,"supplementaries:bomb":4,"useless_sword:valhalla_sword":56,"minecraft:cod":1,"minecraft:smoker":2,"minecraft:iron_pickaxe":97,"minecraft:bread":26,"travelersbackpack:white_sleeping_bag":1,"minecraft:stone_axe":52,"minecraft:cobblestone":83,"travelersbackpack:standard":12,"minecraft:smithing_table":1,"minecraft:bucket":7,"minecraft:cobweb":1},"minecraft:mined":{"minecraft:spruce_planks":7,"minecraft:mossy_cobblestone":5,"minecraft:jungle_slab":6,"gravestone:gravestone":1,"minecraft:purple_terracotta":1,"minecraft:decorated_pot":2,"minecraft:jungle_planks":8,"travelersbackpack:white_sleeping_bag":1,"minecraft:spawner":1,"minecraft:large_fern":8,"minecraft:hay_block":48,"minecraft:furnace":4,"minecraft:iron_ore":11,"minecraft:pumpkin":1,"dynamictrees:spruce_leaves":2,"minecraft:gold_block":2,"minecraft:bookshelf":20,"minecraft:stone":134,"minecraft:spruce_slab":3,"minecraft:podzol":2,"minecraft:smithing_table":1,"minecraft:smoker":2,"travelersbackpack:standard":3,"minecraft:crafting_table":8,"minecraft:clay":2,"minecraft:cornflower":1,"minecraft:emerald_ore":1,"minecraft:poppy":1,"minecraft:cobblestone":6,"minecraft:wall_torch":2,"minecraft:spruce_stairs":1,"minecraft:stone_brick_stairs":1,"minecraft:grass":7,"minecraft:coal_ore":49,"minecraft:gravel":1,"minecraft:sand":45,"minecraft:dirt":8,"minecraft:crimson_planks":3,"minecraft:cobweb":1,"travelersbackpack:purple_sleeping_bag":1,"minecraft:fern":3},"minecraft:killed_by":{"iceandfire:sea_serpent":2}},"DataVersion":3465}