{"stats":{"minecraft:custom":{"minecraft:interact_with_furnace":29,"minecraft:mob_kills":33,"minecraft:tune_noteblock":1,"minecraft:interact_with_crafting_table":46,"minecraft:open_barrel":3,"minecraft:bell_ring":6,"minecraft:leave_game":2,"minecraft:time_since_death":68608,"minecraft:sleep_in_bed":3,"minecraft:climb_one_cm":3527,"minecraft:time_since_rest":12705,"minecraft:sprint_one_cm":222158,"minecraft:damage_taken":917,"minecraft:walk_one_cm":108549,"minecraft:damage_blocked_by_shield":605,"minecraft:drop":14,"minecraft:damage_dealt":4572,"minecraft:swim_one_cm":45569,"minecraft:fly_one_cm":380205,"minecraft:open_chest":24,"minecraft:crouch_one_cm":2914,"minecraft:play_time":68608,"minecraft:sneak_time":1408,"minecraft:walk_under_water_one_cm":5301,"minecraft:boat_one_cm":29520,"minecraft:jump":1887,"minecraft:walk_on_water_one_cm":14305,"minecraft:total_world_time":68608,"minecraft:interact_with_smoker":9,"minecraft:fall_one_cm":47056,"minecraft:interact_with_smithing_table":7},"minecraft:dropped":{"minecraft:stone_hoe":2,"minecraft:iron_sword":2,"minecraft:stone_axe":1,"minecraft:cobblestone":12,"dynamictrees:spruce_seed":6,"minecraft:purple_dye":1,"minecraft:filled_map":1,"minecraft:spruce_planks":7,"minecraft:iron_chestplate":1,"minecraft:sand":1,"minecraft:egg":1},"minecraft:killed":{"minecraft:pig":3,"minecraft:creeper":1,"minecraft:sheep":4,"minecraft:skeleton":10,"minecraft:cow":8},"minecraft:picked_up":{"minecraft:crafting_table":8,"minecraft:shelter_pottery_sherd":1,"minecraft:burn_pottery_sherd":1,"minecraft:prismarine_shard":2,"minecraft:smithing_table":1,"minecraft:leather":11,"dynamictrees:spruce_seed":6,"minecraft:smoker":2,"minecraft:gold_block":2,"minecraft:flint":1,"minecraft:stone_brick_stairs":1,"minecraft:gunpowder":2,"minecraft:dirt":10,"minecraft:cornflower":1,"minecraft:explorer_pottery_sherd":1,"minecraft:bone":14,"minecraft:wheat_seeds":2,"minecraft:spruce_planks":7,"minecraft:beef":18,"minecraft:poppy":1,"minecraft:arms_up_pottery_sherd":1,"minecraft:iron_sword":1,"minecraft:stone_hoe":1,"minecraft:book":60,"minecraft:furnace":4,"minecraft:egg":2,"minecraft:stick":23,"minecraft:raw_iron":13,"minecraft:pumpkin":1,"iceandfire:shiny_scales":3,"minecraft:torch":3,"minecraft:porkchop":13,"pointblank:gunmetal_nugget":5,"minecraft:sand":43,"minecraft:prismarine_crystals":4,"minecraft:spruce_log":77,"travelersbackpack:purple_sleeping_bag":1,"minecraft:mossy_cobblestone":4,"travelersbackpack:white_sleeping_bag":1,"minecraft:howl_pottery_sherd":1,"travelersbackpack:standard":1,"minecraft:arrow":10,"minecraft:stone_axe":1,"minecraft:hay_block":40,"minecraft:mutton":5,"minecraft:coal":196,"minecraft:white_wool":4,"minecraft:cobblestone":143},"minecraft:crafted":{"minecraft:cooked_beef":10,"minecraft:red_dye":1,"travelersbackpack:iron_tier_upgrade":1,"travelersbackpack:crafting_upgrade":1,"minecraft:crafting_table":4,"minecraft:spruce_planks":64,"travelersbackpack:backpack_tank":4,"minecraft:wooden_pickaxe":1,"travelersbackpack:standard":1,"minecraft:smithing_table":1,"minecraft:furnace":2,"minecraft:bucket":1,"iceandfire:earplugs":1,"minecraft:stone_axe":1,"travelersbackpack:blank_upgrade":4,"minecraft:cooked_mutton":5,"minecraft:air":0,"minecraft:blue_dye":1,"minecraft:glass":24,"travelersbackpack:white_sleeping_bag":1,"travelersbackpack:purple_sleeping_bag":1,"minecraft:purple_dye":2,"minecraft:shield":1,"minecraft:iron_axe":1,"minecraft:stick":12,"minecraft:iron_ingot":16,"minecraft:stone_pickaxe":1,"minecraft:iron_pickaxe":1,"minecraft:chest":2,"minecraft:spruce_boat":1,"minecraft:torch":8,"minecraft:stone_hoe":1,"minecraft:smoker":1},"minecraft:broken":{"minecraft:stone_pickaxe":1},"minecraft:used":{"minecraft:cooked_mutton":5,"minecraft:stone_pickaxe":131,"minecraft:wooden_pickaxe":14,"minecraft:shield":26,"minecraft:iron_sword":28,"minecraft:stone_hoe":42,"minecraft:torch":11,"minecraft:mossy_cobblestone":4,"minecraft:dirt":10,"minecraft:sand":18,"minecraft:crafting_table":9,"useless_sword:valhalla_sword":31,"minecraft:spruce_boat":1,"minecraft:smoker":2,"minecraft:bread":1,"minecraft:iron_axe":22,"travelersbackpack:white_sleeping_bag":1,"minecraft:iron_pickaxe":92,"minecraft:stone_brick_stairs":1,"minecraft:stone_axe":52,"minecraft:cobblestone":45,"travelersbackpack:standard":3,"minecraft:furnace":4,"minecraft:smithing_table":1,"minecraft:bucket":7,"travelersbackpack:purple_sleeping_bag":1,"minecraft:egg":1,"minecraft:cooked_beef":10},"minecraft:mined":{"minecraft:podzol":2,"minecraft:mossy_cobblestone":5,"minecraft:smoker":2,"travelersbackpack:standard":1,"minecraft:clay":2,"minecraft:crafting_table":8,"minecraft:cornflower":1,"minecraft:emerald_ore":1,"minecraft:poppy":1,"minecraft:decorated_pot":2,"travelersbackpack:white_sleeping_bag":1,"minecraft:cobblestone":5,"minecraft:wall_torch":2,"minecraft:large_fern":8,"minecraft:hay_block":40,"minecraft:furnace":4,"minecraft:iron_ore":11,"minecraft:pumpkin":1,"minecraft:stone_brick_stairs":1,"dynamictrees:spruce_leaves":2,"minecraft:gold_block":2,"minecraft:grass":5,"minecraft:bookshelf":20,"minecraft:coal_ore":49,"minecraft:gravel":1,"minecraft:sand":45,"minecraft:dirt":8,"minecraft:stone":132,"minecraft:smithing_table":1,"travelersbackpack:purple_sleeping_bag":1,"minecraft:fern":3}},"DataVersion":3465}