{"stats":{"minecraft:custom":{"minecraft:interact_with_smithing_table":7,"minecraft:mob_kills":34,"minecraft:interact_with_crafting_table":47,"minecraft:open_barrel":3,"minecraft:bell_ring":6,"minecraft:leave_game":4,"minecraft:time_since_death":6117,"minecraft:climb_one_cm":3527,"minecraft:sprint_one_cm":251770,"minecraft:walk_one_cm":119617,"minecraft:damage_blocked_by_shield":755,"minecraft:drop":16,"minecraft:play_time":78084,"minecraft:deaths":1,"minecraft:sneak_time":1435,"minecraft:walk_under_water_one_cm":5702,"minecraft:boat_one_cm":65835,"minecraft:jump":2353,"minecraft:walk_on_water_one_cm":19560,"minecraft:total_world_time":78084,"minecraft:interact_with_furnace":29,"minecraft:tune_noteblock":1,"minecraft:sleep_in_bed":3,"minecraft:time_since_rest":6336,"minecraft:damage_taken":1300,"minecraft:damage_dealt":5241,"minecraft:swim_one_cm":46324,"minecraft:fly_one_cm":435213,"minecraft:open_chest":24,"minecraft:crouch_one_cm":3005,"minecraft:interact_with_smoker":9,"minecraft:fall_one_cm":53378},"minecraft:dropped":{"minecraft:stone_hoe":2,"minecraft:iron_sword":2,"minecraft:cobblestone":12,"dynamictrees:spruce_seed":6,"minecraft:purple_dye":1,"minecraft:stick":2,"gravestone:obituary":1,"minecraft:sand":1,"minecraft:stone_axe":1,"minecraft:filled_map":1,"minecraft:spruce_planks":7,"minecraft:iron_chestplate":1,"minecraft:egg":1},"minecraft:killed":{"minecraft:skeleton":10,"minecraft:pig":3,"minecraft:creeper":1,"minecraft:sheep":4,"iceandfire:sea_serpent":1,"minecraft:cow":8},"minecraft:crafted":{"travelersbackpack:crafting_upgrade":1,"minecraft:birch_boat":1,"minecraft:furnace":2,"travelersbackpack:blank_upgrade":4,"minecraft:cooked_mutton":5,"minecraft:glass":24,"travelersbackpack:white_sleeping_bag":1,"travelersbackpack:purple_sleeping_bag":1,"minecraft:iron_axe":1,"minecraft:stone_pickaxe":1,"minecraft:chest":2,"minecraft:spruce_boat":2,"minecraft:stone_hoe":1,"minecraft:smoker":1,"minecraft:wheat":351,"minecraft:cooked_beef":10,"minecraft:red_dye":1,"travelersbackpack:iron_tier_upgrade":1,"minecraft:crafting_table":5,"minecraft:spruce_planks":64,"travelersbackpack:backpack_tank":4,"minecraft:wooden_pickaxe":1,"travelersbackpack:standard":1,"minecraft:smithing_table":1,"minecraft:bucket":1,"iceandfire:earplugs":1,"minecraft:birch_planks":24,"minecraft:stone_axe":1,"minecraft:bread":63,"minecraft:air":0,"minecraft:blue_dye":1,"minecraft:purple_dye":2,"minecraft:shield":1,"minecraft:stick":12,"minecraft:iron_ingot":16,"minecraft:iron_pickaxe":1,"minecraft:torch":8},"minecraft:picked_up":{"minecraft:shelter_pottery_sherd":1,"minecraft:crafting_table":8,"minecraft:prismarine_shard":2,"minecraft:smithing_table":1,"dynamictrees:spruce_seed":6,"minecraft:gold_block":2,"minecraft:stone_brick_stairs":1,"minecraft:cornflower":1,"iceandfire:sea_serpent_scales_teal":15,"minecraft:explorer_pottery_sherd":1,"minecraft:spruce_planks":7,"minecraft:beef":18,"minecraft:poppy":1,"minecraft:egg":2,"minecraft:furnace":4,"minecraft:stick":32,"minecraft:raw_iron":13,"minecraft:torch":3,"minecraft:porkchop":13,"pointblank:gunmetal_nugget":5,"minecraft:prismarine_crystals":4,"minecraft:howl_pottery_sherd":1,"minecraft:arrow":10,"minecraft:hay_block":41,"minecraft:mutton":5,"minecraft:cobblestone":146,"minecraft:cod":1,"minecraft:white_wool":4,"minecraft:birch_log":6,"iceandfire:sea_serpent_fang":3,"minecraft:burn_pottery_sherd":1,"minecraft:leather":11,"minecraft:smoker":2,"minecraft:flint":1,"minecraft:gunpowder":2,"minecraft:dirt":10,"minecraft:bone":14,"minecraft:wheat_seeds":2,"dynamictrees:birch_seed":1,"minecraft:iron_sword":1,"minecraft:arms_up_pottery_sherd":1,"minecraft:stone_hoe":1,"minecraft:book":60,"minecraft:birch_boat":1,"minecraft:pumpkin":1,"iceandfire:shiny_scales":3,"minecraft:sand":43,"minecraft:spruce_log":77,"travelersbackpack:purple_sleeping_bag":1,"minecraft:mossy_cobblestone":4,"travelersbackpack:white_sleeping_bag":1,"travelersbackpack:standard":1,"minecraft:stone_axe":1,"minecraft:coal":196},"minecraft:broken":{"minecraft:stone_pickaxe":1},"minecraft:used":{"minecraft:shield":29,"minecraft:iron_sword":28,"minecraft:stone_hoe":42,"minecraft:torch":11,"minecraft:dirt":10,"minecraft:spruce_boat":1,"minecraft:iron_axe":22,"minecraft:stone_brick_stairs":1,"minecraft:hay_block":1,"minecraft:furnace":4,"travelersbackpack:purple_sleeping_bag":1,"minecraft:egg":1,"minecraft:cooked_beef":10,"minecraft:cooked_mutton":5,"minecraft:stone_pickaxe":131,"minecraft:birch_boat":2,"minecraft:wooden_pickaxe":14,"minecraft:mossy_cobblestone":4,"minecraft:sand":18,"minecraft:crafting_table":10,"useless_sword:valhalla_sword":41,"minecraft:smoker":2,"minecraft:iron_pickaxe":95,"minecraft:bread":5,"travelersbackpack:white_sleeping_bag":1,"minecraft:stone_axe":52,"minecraft:cobblestone":46,"travelersbackpack:standard":3,"minecraft:smithing_table":1,"minecraft:bucket":7},"minecraft:mined":{"minecraft:mossy_cobblestone":5,"minecraft:decorated_pot":2,"travelersbackpack:white_sleeping_bag":1,"minecraft:large_fern":8,"minecraft:hay_block":41,"minecraft:furnace":4,"minecraft:iron_ore":11,"minecraft:pumpkin":1,"dynamictrees:spruce_leaves":2,"minecraft:gold_block":2,"minecraft:bookshelf":20,"minecraft:stone":134,"minecraft:podzol":2,"minecraft:smithing_table":1,"minecraft:smoker":2,"travelersbackpack:standard":1,"minecraft:crafting_table":8,"minecraft:clay":2,"minecraft:cornflower":1,"minecraft:emerald_ore":1,"minecraft:poppy":1,"minecraft:cobblestone":6,"minecraft:wall_torch":2,"minecraft:stone_brick_stairs":1,"minecraft:grass":6,"minecraft:coal_ore":49,"minecraft:gravel":1,"minecraft:sand":45,"minecraft:dirt":8,"travelersbackpack:purple_sleeping_bag":1,"minecraft:fern":3},"minecraft:killed_by":{"iceandfire:sea_serpent":1}},"DataVersion":3465}