{"stats":{"minecraft:mined":{"minecraft:sculk_vein":1,"minecraft:obsidian":4,"minecraft:spruce_trapdoor":2,"minecraft:grass_block":247,"minecraft:spawner":7,"minecraft:sculk_catalyst":5,"minecraft:iron_ore":151,"minecraft:cobbled_deepslate":4,"minecraft:fire":15,"minecraft:deepslate_lapis_ore":4,"minecraft:enchanting_table":3,"minecraft:pointed_dripstone":1,"minecraft:deepslate_redstone_ore":4,"minecraft:red_bed":2,"minecraft:blackstone":108,"minecraft:smoker":1,"minecraft:soul_fire":2,"minecraft:torch":11,"minecraft:chest":1,"minecraft:cobblestone":98,"minecraft:oak_planks":8,"minecraft:wall_torch":8,"minecraft:grass":22,"minecraft:dirt":310,"minecraft:smooth_basalt":1,"minecraft:deepslate":88,"minecraft:tuff":19,"iceandfire:silver_ore":18,"minecraft:mossy_cobblestone":2,"minecraft:deepslate_diamond_ore":52,"minecraft:dark_oak_log":12,"minecraft:glow_lichen":1,"gravestone:gravestone":6,"minecraft:allium":1,"dynamictrees:cherry_sapling":1,"minecraft:spruce_leaves":22,"minecraft:moss_block":1,"minecraft:large_fern":1,"minecraft:hay_block":9,"minecraft:spruce_sapling":1,"minecraft:furnace":6,"minecraft:andesite":53,"supplementaries:gunpowder":1,"minecraft:peony":1,"minecraft:deepslate_iron_ore":38,"minecraft:bamboo":1,"minecraft:stone":310,"minecraft:white_tulip":2,"minecraft:white_wool":1,"minecraft:smithing_table":1,"minecraft:oak_fence":5,"minecraft:crafting_table":3,"minecraft:sculk_sensor":3,"minecraft:stone_slab":6,"minecraft:tall_grass":28,"minecraft:copper_ore":55,"minecraft:lapis_ore":10,"minecraft:deepslate_gold_ore":8,"minecraft:sculk":31,"supplementaries:urn":47,"minecraft:spruce_stairs":110,"minecraft:spruce_log":81,"minecraft:coal_ore":118,"minecraft:gravel":31,"minecraft:dripstone_block":2,"pointblank:workstation":1,"minecraft:cobweb":106,"minecraft:gold_ore":4,"pointblank:printer":5,"minecraft:fern":2},"minecraft:killed_by":{"iceandfire:fire_dragon":1,"minecraft:player":2,"apollyon:the_damned":1},"minecraft:dropped":{"iceandfire:raw_silver":3,"naturalist:antler":1,"minecraft:diamond_axe":1,"minecraft:cooked_beef":3,"minecraft:glow_ink_sac":3,"dynamictrees:cocoa_seed":2,"minecraft:cooked_porkchop":3,"minecraft:leather":2,"simplyswords:iron_halberd":1,"dynamictrees:spruce_seed":1,"minecraft:dirt":15,"dynamictrees:jungle_seed":1,"minecraft:dark_oak_log":10,"useless_sword:pillager_dagger":1,"gravestone:obituary":15,"minecraft:gold_nugget":9,"minecraft:iron_pickaxe":1,"minecraft:white_wool":9,"pointblank:rhino":3,"minecraft:bone":2,"minecraft:gravel":25,"enemyexpansion:horsehead_helmet":1,"minecraft:stone_axe":1,"dynamictrees:oak_seed":2,"minecraft:cobbled_deepslate":10,"minecraft:pointed_dripstone":1,"minecraft:rotten_flesh":79,"minecraft:oak_planks":2,"pointblank:spas12":3,"supplementaries:antique_ink":2,"pointblank:ammo357":5,"naturalist:venison":1,"dynamictrees:mangrove_roots":2,"minecraft:arrow":11,"minecraft:beef":6,"minecraft:iron_ingot":1,"minecraft:bread":3,"minecraft:wheat_seeds":5,"dynamictrees:birch_seed":1,"minecraft:mossy_cobblestone":2,"dynamictrees:dark_oak_seed":1,"minecraft:cobblestone":23,"minecraft:copper_ingot":12,"minecraft:spruce_stairs":6,"iceandfire:lightning_dragon_flesh":1,"minecraft:stick":11,"minecraft:ink_sac":3,"iceandfire:armor_silver_metal_chestplate":1,"minecraft:wither_rose":3,"minecraft:white_banner":1,"pointblank:ammo12gauge":1,"minecraft:string":19,"minecraft:spruce_sapling":2,"minecraft:raw_copper":6,"minecraft:chicken":7,"minecraft:stone_slab":2,"minecraft:glass_pane":14,"pointblank:gunmetal_nugget":7,"supplementaries:quiver":3,"minecraft:allium":4,"dynamictrees:warped_seed":1,"minecraft:spruce_trapdoor":1,"minecraft:andesite":25,"iceandfire:silver_ingot":2,"minecraft:bow":1,"minecraft:stone_pickaxe":1,"minecraft:raw_gold":3},"minecraft:used":{"iceandfire:lectern":1,"minecraft:moss_carpet":1,"minecraft:iron_shovel":237,"dynamictrees:cocoa_seed":1,"minecraft:chest":3,"minecraft:shield":158,"minecraft:stone":2,"minecraft:rotten_flesh":6,"minecraft:carrot":20,"minecraft:tuff":8,"neapolitan:vanilla_fudge":2,"pointblank:workstation":1,"minecraft:bow":20,"minecraft:furnace":9,"minecraft:egg":1,"minecraft:potato":1,"dynamictrees:spruce_seed":3,"minecraft:diorite":1,"minecraft:oak_planks":1,"minecraft:diamond_axe":193,"iceandfire:stymphalian_bird_dagger":264,"minecraft:white_wool":3,"minecraft:blast_furnace":1,"simplyswords:iron_halberd":445,"minecraft:shears":37,"iceandfire:lightning_dragon_flesh":1,"minecraft:bread":37,"minecraft:brown_wool":1,"minecraft:grindstone":1,"minecraft:smithing_table":1,"minecraft:andesite":23,"minecraft:bone_meal":3,"minecraft:cobweb":13,"minecraft:oak_fence":5,"minecraft:enchanting_table":4,"minecraft:white_tulip":2,"minecraft:armor_stand":6,"minecraft:spruce_planks":8,"dynamictrees:oak_seed":1,"minecraft:cooked_chicken":4,"minecraft:torch":203,"minecraft:dirt":540,"minecraft:spruce_stairs":32,"dynamictrees:birch_seed":1,"minecraft:gunpowder":1,"minecraft:cooked_beef":20,"minecraft:cobbled_deepslate":61,"minecraft:iron_leggings":2,"naturalist:bass":4,"minecraft:cooked_mutton":28,"minecraft:water_bucket":38,"pointblank:printer":6,"useless_sword:pillager_dagger":266,"minecraft:cherry_planks":2,"minecraft:red_bed":1,"minecraft:crafting_table":13,"dynamictrees:mangrove_roots":1,"supplementaries:bomb":5,"minecraft:white_bed":1,"minecraft:spruce_log":59,"minecraft:smoker":3,"dynamictrees:cherry_seed":2,"minecraft:diamond_pickaxe":943,"minecraft:black_wool":1,"minecraft:diamond_shovel":356,"minecraft:iron_pickaxe":374,"minecraft:stone_slab":6,"minecraft:spruce_trapdoor":23,"minecraft:spruce_sapling":5,"minecraft:stone_axe":100,"minecraft:cobblestone":145,"minecraft:cooked_porkchop":12,"minecraft:bucket":44},"minecraft:broken":{"minecraft:iron_shovel":1,"minecraft:stone_axe":2,"iceandfire:armor_silver_metal_boots":1,"simplyswords:iron_halberd":1,"minecraft:iron_pickaxe":1,"minecraft:iron_helmet":1},"minecraft:killed":{"naturalist:zebra":3,"minecraft:cave_spider":5,"enemyexpansion:equestrian":1,"minecraft:spider":6,"naturalist:robin":2,"iceandfire:stymphalian_bird":8,"minecraft:skeleton":35,"minecraft:chicken":17,"minecraft:silverfish":8,"minecraft:pig":10,"minecraft:zombie_villager":1,"naturalist:snake":1,"minecraft:creeper":21,"minecraft:sheep":14,"minecraft:pillager":5,"enemyexpansion:meature":2,"minecraft:zombie":149,"enemyexpansion:vampire":1,"enemyexpansion:botfly":23,"minecraft:glow_squid":2,"cave_dweller:cave_dweller":1,"apollyon:the_damned":5,"minecraft:cow":10,"enemyexpansion:trollenraged":1,"enemyexpansion:intruder":1,"minecraft:vindicator":3,"enemyexpansion:direwolf":4,"enemyexpansion:faller":1,"naturalist:deer":1,"enemyexpansion:silverqueen":1,"naturalist:bass":5,"iceandfire:cyclops":2,"naturalist:butterfly":1,"enemyexpansion:sprinter":2,"minecraft:ravager":1,"ecologics:squirrel":2,"enemyexpansion:huntsman":1,"minecraft:enderman":2,"enemyexpansion:slugger":3},"minecraft:picked_up":{"minecraft:wheat":2,"pointblank:spas12":3,"minecraft:smithing_table":1,"minecraft:stone_slab":8,"minecraft:wither_rose":7,"minecraft:string":75,"minecraft:raw_copper":198,"minecraft:zombie_head":1,"dynamictrees:dark_oak_seed":1,"minecraft:gold_nugget":9,"minecraft:cobbled_deepslate":90,"minecraft:spruce_planks":8,"minecraft:white_tulip":2,"dynamictrees:oak_seed":2,"pointblank:workstation":1,"minecraft:furnace":6,"minecraft:iron_boots":1,"minecraft:stick":32,"minecraft:oak_fence":5,"minecraft:torch":65,"minecraft:spruce_stairs":107,"minecraft:porkchop":18,"iceandfire:lightning_dragon_flesh":7,"minecraft:cherry_log":29,"minecraft:pointed_dripstone":1,"minecraft:diorite":1,"minecraft:rotten_flesh":167,"supplementaries:antique_ink":2,"supplementaries:quiver":3,"supplementaries:ash":50,"minecraft:obsidian":4,"minecraft:cobblestone":391,"minecraft:enchanting_table":3,"minecraft:feather":18,"minecraft:cooked_beef":5,"minecraft:cherry_planks":12,"minecraft:andesite":66,"minecraft:brown_wool":1,"minecraft:smoker":1,"minecraft:potato":1,"minecraft:flint":2,"minecraft:tuff":9,"supplementaries:flax_seeds":8,"minecraft:lapis_lazuli":91,"minecraft:dirt":555,"minecraft:bone":56,"minecraft:bow":3,"minecraft:wheat_seeds":12,"minecraft:orange_tulip":6,"minecraft:raw_gold":15,"dynamictrees:warped_seed":1,"minecraft:bamboo":6,"naturalist:snail_shell":1,"minecraft:oak_planks":80,"minecraft:cooked_porkchop":8,"iceandfire:stymphalian_bird_feather":17,"minecraft:ink_sac":3,"iceandfire:lightning_dragon_heart":1,"minecraft:dark_oak_log":10,"minecraft:mossy_cobblestone":2,"dynamictrees:mangrove_roots":2,"naturalist:antler":1,"minecraft:diamond":51,"minecraft:emerald":16,"minecraft:bread":3,"iceandfire:raw_silver":18,"iceandfire:dragon_skull_lightning":1,"minecraft:crafting_table":3,"minecraft:allium":4,"minecraft:chicken":17,"naturalist:venison":1,"dynamictrees:spruce_seed":3,"gravestone:obituary":8,"minecraft:shield":1,"minecraft:red_bed":2,"minecraft:moss_carpet":1,"minecraft:blackstone":122,"supplementaries:bomb":5,"pointblank:rhino":4,"minecraft:beef":24,"minecraft:iron_nugget":20,"minecraft:chest":3,"useless_sword:ravager_leather":1,"minecraft:spruce_trapdoor":2,"dynamictrees:cocoa_seed":2,"minecraft:egg":1,"minecraft:raw_iron":196,"iceandfire:dragonbone":7,"minecraft:copper_ingot":95,"pointblank:gunmetal_nugget":352,"minecraft:carrot":11,"minecraft:redstone":19,"minecraft:arrow":30,"minecraft:hay_block":9,"minecraft:saddle":1,"minecraft:mutton":28,"minecraft:skeleton_skull":2,"minecraft:white_wool":15,"enemyexpansion:horsehead_helmet":1,"minecraft:glow_ink_sac":3,"minecraft:leather":17,"minecraft:gunpowder":27,"minecraft:white_banner":2,"naturalist:bass":4,"dynamictrees:birch_seed":1,"minecraft:iron_ingot":15,"minecraft:stone_pickaxe":1,"minecraft:cobweb":35,"minecraft:dripstone_block":1,"minecraft:gravel":25,"minecraft:amethyst_shard":4,"minecraft:spruce_sapling":7,"minecraft:spruce_log":82,"pointblank:printer":5,"minecraft:spider_eye":3,"travelersbackpack:standard":1,"minecraft:slime_ball":1,"minecraft:stone_axe":2,"dynamictrees:jungle_seed":1,"dynamictrees:cherry_seed":14,"minecraft:black_wool":1,"minecraft:coal":160,"minecraft:ender_pearl":1},"minecraft:custom":{"minecraft:interact_with_crafting_table":140,"minecraft:bell_ring":4,"minecraft:leave_game":10,"minecraft:time_since_death":16330,"minecraft:sprint_one_cm":899288,"minecraft:damage_blocked_by_shield":4512,"minecraft:drop":125,"minecraft:talked_to_villager":1,"minecraft:play_time":392268,"minecraft:deaths":7,"minecraft:jump":8371,"minecraft:walk_on_water_one_cm":32869,"minecraft:enchant_item":11,"minecraft:interact_with_furnace":113,"minecraft:sleep_in_bed":5,"minecraft:damage_dealt":57068,"minecraft:player_kills":5,"minecraft:crouch_one_cm":99347,"minecraft:interact_with_smoker":30,"minecraft:interact_with_smithing_table":3,"minecraft:mob_kills":368,"minecraft:damage_dealt_resisted":144,"minecraft:climb_one_cm":1883,"minecraft:walk_one_cm":633294,"minecraft:raid_win":1,"minecraft:sneak_time":35742,"minecraft:walk_under_water_one_cm":22775,"minecraft:interact_with_blast_furnace":45,"minecraft:total_world_time":392268,"minecraft:raid_trigger":1,"minecraft:interact_with_grindstone":1,"minecraft:time_since_rest":16354,"minecraft:damage_taken":7793,"minecraft:swim_one_cm":25429,"minecraft:fly_one_cm":1560369,"minecraft:open_chest":138,"minecraft:fall_one_cm":255310},"minecraft:crafted":{"minecraft:grindstone":1,"minecraft:smooth_stone":6,"minecraft:cooked_chicken":4,"iceandfire:lectern":1,"minecraft:stone":11,"minecraft:diamond_shovel":1,"minecraft:cooked_mutton":28,"minecraft:glass":6,"iceandfire:armor_silver_metal_chestplate":1,"minecraft:bow":2,"minecraft:iron_boots":1,"minecraft:smoker":1,"pointblank:printer":1,"pointblank:gunmetal_mesh":64,"minecraft:arrow":8,"minecraft:cooked_porkchop":12,"minecraft:diamond_axe":2,"minecraft:crafting_table":10,"minecraft:spruce_planks":68,"travelersbackpack:standard":1,"minecraft:iron_helmet":2,"minecraft:smithing_table":1,"minecraft:copper_ingot":138,"minecraft:spruce_trapdoor":22,"minecraft:iron_chestplate":2,"minecraft:diamond_pickaxe":1,"minecraft:stick":96,"minecraft:stone_slab":6,"minecraft:iron_ingot":164,"minecraft:iron_pickaxe":2,"minecraft:gold_ingot":16,"minecraft:shears":1,"minecraft:cherry_planks":100,"pointblank:guninternals":16,"minecraft:fishing_rod":1,"minecraft:smooth_stone_slab":6,"minecraft:iron_nugget":27,"minecraft:furnace":5,"minecraft:blast_furnace":1,"minecraft:bone_meal":126,"minecraft:glass_pane":16,"iceandfire:armor_silver_metal_boots":1,"travelersbackpack:spider":1,"minecraft:wheat":81,"minecraft:cooked_beef":18,"iceandfire:silver_ingot":16,"pointblank:gunmetal_ingot":101,"pointblank:processor":1,"minecraft:enchanting_table":1,"useless_sword:pillager_dagger":1,"simplyswords:iron_halberd":2,"minecraft:bucket":1,"minecraft:stone_axe":1,"minecraft:bread":27,"minecraft:air":0,"iceandfire:stymphalian_bird_dagger":2,"minecraft:iron_shovel":1,"minecraft:iron_leggings":2,"minecraft:armor_stand":6,"minecraft:white_bed":1,"minecraft:torch":140}},"DataVersion":3465}