{"stats":{"minecraft:killed":{"minecraft:creeper":1,"minecraft:sheep":4,"minecraft:skeleton":10,"minecraft:cow":8},"minecraft:mined":{"minecraft:podzol":2,"minecraft:mossy_cobblestone":5,"minecraft:smoker":2,"minecraft:clay":2,"minecraft:crafting_table":5,"minecraft:emerald_ore":1,"minecraft:decorated_pot":2,"travelersbackpack:white_sleeping_bag":1,"minecraft:cobblestone":5,"minecraft:wall_torch":2,"minecraft:large_fern":7,"minecraft:furnace":2,"minecraft:iron_ore":11,"minecraft:pumpkin":1,"dynamictrees:spruce_leaves":2,"minecraft:gold_block":2,"minecraft:coal_ore":49,"minecraft:gravel":1,"minecraft:sand":6,"minecraft:dirt":8,"minecraft:stone":132,"minecraft:fern":3},"minecraft:dropped":{"minecraft:iron_sword":2,"minecraft:stone_axe":1,"dynamictrees:spruce_seed":6,"minecraft:iron_chestplate":1,"minecraft:egg":1},"minecraft:used":{"minecraft:cooked_mutton":5,"minecraft:stone_pickaxe":131,"minecraft:wooden_pickaxe":14,"minecraft:shield":26,"minecraft:iron_sword":28,"minecraft:torch":11,"minecraft:mossy_cobblestone":4,"minecraft:dirt":10,"minecraft:crafting_table":6,"useless_sword:valhalla_sword":8,"minecraft:smoker":2,"minecraft:iron_pickaxe":81,"travelersbackpack:white_sleeping_bag":1,"minecraft:stone_axe":52,"minecraft:cobblestone":45,"minecraft:furnace":2,"minecraft:egg":1,"minecraft:cooked_beef":8},"minecraft:picked_up":{"minecraft:shelter_pottery_sherd":1,"minecraft:crafting_table":5,"minecraft:burn_pottery_sherd":1,"minecraft:leather":11,"dynamictrees:spruce_seed":6,"minecraft:smoker":2,"minecraft:gold_block":2,"minecraft:flint":1,"minecraft:gunpowder":2,"minecraft:dirt":10,"minecraft:explorer_pottery_sherd":1,"minecraft:bone":14,"minecraft:wheat_seeds":2,"minecraft:beef":18,"minecraft:iron_sword":1,"minecraft:arms_up_pottery_sherd":1,"minecraft:egg":2,"minecraft:furnace":2,"minecraft:raw_iron":11,"minecraft:stick":23,"minecraft:pumpkin":1,"minecraft:torch":3,"minecraft:sand":4,"pointblank:gunmetal_nugget":5,"minecraft:spruce_log":77,"minecraft:mossy_cobblestone":4,"travelersbackpack:white_sleeping_bag":1,"minecraft:howl_pottery_sherd":1,"minecraft:arrow":10,"minecraft:stone_axe":1,"minecraft:cobblestone":137,"minecraft:mutton":5,"minecraft:coal":160,"minecraft:white_wool":4},"minecraft:crafted":{"minecraft:cooked_beef":10,"minecraft:crafting_table":3,"minecraft:spruce_planks":36,"minecraft:wooden_pickaxe":1,"minecraft:furnace":1,"minecraft:bucket":1,"minecraft:stone_axe":1,"minecraft:cooked_mutton":5,"minecraft:air":0,"travelersbackpack:white_sleeping_bag":1,"minecraft:shield":1,"minecraft:stick":8,"minecraft:iron_ingot":8,"minecraft:stone_pickaxe":1,"minecraft:iron_pickaxe":1,"minecraft:torch":8,"minecraft:smoker":1},"minecraft:custom":{"minecraft:interact_with_furnace":3,"minecraft:mob_kills":26,"minecraft:interact_with_crafting_table":17,"minecraft:bell_ring":6,"minecraft:leave_game":1,"minecraft:time_since_death":40835,"minecraft:sleep_in_bed":1,"minecraft:climb_one_cm":1035,"minecraft:time_since_rest":10769,"minecraft:sprint_one_cm":136399,"minecraft:damage_taken":868,"minecraft:walk_one_cm":74888,"minecraft:damage_blocked_by_shield":605,"minecraft:drop":6,"minecraft:damage_dealt":3071,"minecraft:swim_one_cm":26761,"minecraft:fly_one_cm":183062,"minecraft:open_chest":17,"minecraft:crouch_one_cm":2293,"minecraft:play_time":40835,"minecraft:sneak_time":1096,"minecraft:walk_under_water_one_cm":3267,"minecraft:jump":982,"minecraft:walk_on_water_one_cm":3373,"minecraft:total_world_time":40835,"minecraft:interact_with_smoker":9,"minecraft:fall_one_cm":25522},"minecraft:broken":{"minecraft:stone_pickaxe":1}},"DataVersion":3465}