{"stats":{"minecraft:killed_by":{"iceandfire:ice_dragon":3,"iceandfire:fire_dragon":2,"minecraft:player":2,"apollyon:the_damned":1},"minecraft:broken":{"minecraft:iron_shovel":1,"minecraft:iron_boots":1,"minecraft:iron_chestplate":1,"minecraft:iron_leggings":1,"minecraft:stone_axe":2,"iceandfire:armor_silver_metal_boots":1,"simplyswords:iron_halberd":1,"iceandfire:stymphalian_bird_dagger":1,"minecraft:iron_pickaxe":1,"minecraft:iron_helmet":3},"minecraft:used":{"iceandfire:lectern":1,"minecraft:moss_carpet":1,"iceandfire:tide_trident":104,"minecraft:iron_shovel":237,"dynamictrees:cocoa_seed":1,"iceandfire:dragon_skull_ice":3,"minecraft:diamond_hoe":265,"minecraft:shield":177,"minecraft:chest":4,"minecraft:stone":2,"minecraft:rotten_flesh":7,"minecraft:iron_chestplate":2,"minecraft:carrot":20,"minecraft:tuff":8,"iceandfire:armor_silver_metal_leggings":1,"neapolitan:vanilla_fudge":2,"pointblank:workstation":1,"minecraft:bow":20,"minecraft:hay_block":1,"minecraft:furnace":9,"minecraft:egg":1,"minecraft:potato":1,"travelersbackpack:spider":7,"dynamictrees:spruce_seed":3,"minecraft:diorite":1,"minecraft:oak_planks":3,"minecraft:sugar_cane":62,"minecraft:diamond_axe":441,"iceandfire:stymphalian_bird_dagger":437,"minecraft:white_wool":3,"minecraft:golden_apple":2,"minecraft:blast_furnace":2,"simplyswords:iron_halberd":445,"minecraft:shears":37,"minecraft:birch_fence":3,"minecraft:melon_slice":46,"iceandfire:lightning_dragon_flesh":1,"minecraft:string":2,"neapolitan:banana_bunch":3,"minecraft:bread":166,"minecraft:brown_wool":1,"minecraft:diamond_sword":51,"minecraft:grindstone":1,"minecraft:smithing_table":2,"minecraft:andesite":23,"minecraft:bone_meal":3,"minecraft:cobweb":13,"minecraft:experience_bottle":3,"minecraft:oak_fence":5,"minecraft:white_tulip":2,"minecraft:enchanting_table":5,"minecraft:redstone_ore":1,"minecraft:armor_stand":6,"minecraft:spruce_planks":8,"travelersbackpack:bat":1,"dynamictrees:oak_seed":1,"useless_sword:emerald_chestplate":2,"minecraft:cooked_chicken":4,"minecraft:torch":216,"minecraft:dirt":596,"minecraft:anvil":1,"minecraft:spruce_stairs":32,"minecraft:raw_iron_block":1,"minecraft:bookshelf":6,"mcwbridges:oak_log_bridge_middle":5,"dynamictrees:birch_seed":1,"minecraft:gunpowder":1,"minecraft:cooked_beef":20,"minecraft:cobbled_deepslate":64,"minecraft:iron_leggings":3,"mcwbridges:rope_oak_bridge":22,"naturalist:bass":4,"minecraft:wheat_seeds":251,"minecraft:cooked_mutton":28,"minecraft:water_bucket":67,"pointblank:printer":6,"useless_sword:pillager_dagger":266,"minecraft:cherry_planks":2,"minecraft:crafting_table":17,"minecraft:red_bed":2,"dynamictrees:mangrove_roots":1,"supplementaries:bomb":5,"minecraft:white_bed":1,"neapolitan:banana":3,"minecraft:spruce_log":59,"minecraft:smoker":3,"dynamictrees:cherry_seed":2,"minecraft:diamond_pickaxe":1458,"minecraft:black_wool":1,"minecraft:diamond_shovel":473,"minecraft:iron_pickaxe":374,"minecraft:stone_slab":6,"minecraft:spruce_trapdoor":23,"iceandfire:seaserpent_skull":1,"minecraft:spruce_sapling":5,"minecraft:stone_axe":100,"minecraft:cobblestone":185,"minecraft:cooked_porkchop":17,"minecraft:bucket":84,"minecraft:wither_rose":4},"minecraft:crafted":{"minecraft:grindstone":1,"minecraft:smooth_stone":6,"minecraft:oak_planks":12,"travelersbackpack:crafting_upgrade":1,"minecraft:cooked_chicken":4,"iceandfire:lectern":1,"minecraft:stone":11,"minecraft:diamond_shovel":1,"minecraft:bookshelf":6,"minecraft:cooked_mutton":28,"minecraft:glass":18,"iceandfire:armor_silver_metal_chestplate":2,"minecraft:diamond_helmet":1,"minecraft:bow":2,"minecraft:iron_boots":1,"minecraft:raw_copper":126,"iceandfire:armor_silver_metal_leggings":1,"minecraft:chest":3,"minecraft:copper_block":21,"minecraft:oak_fence":3,"minecraft:raw_iron_block":13,"minecraft:smoker":1,"pointblank:printer":1,"minecraft:oak_slab":6,"pointblank:gunmetal_mesh":248,"minecraft:arrow":8,"minecraft:cooked_porkchop":12,"minecraft:diamond_axe":2,"minecraft:crafting_table":16,"minecraft:spruce_planks":68,"travelersbackpack:standard":1,"minecraft:iron_helmet":2,"minecraft:smithing_table":2,"minecraft:copper_ingot":488,"useless_sword:emerald_leggings":1,"minecraft:gold_block":9,"minecraft:hay_block":36,"minecraft:birch_planks":192,"mcwbridges:oak_log_bridge_middle":4,"minecraft:book":19,"minecraft:paper":57,"minecraft:spruce_trapdoor":22,"minecraft:iron_chestplate":2,"minecraft:diamond_pickaxe":1,"minecraft:shield":2,"minecraft:birch_fence":3,"minecraft:stick":104,"minecraft:stone_slab":6,"minecraft:iron_ingot":635,"minecraft:iron_pickaxe":2,"minecraft:iron_block":31,"minecraft:gold_ingot":44,"minecraft:shears":1,"minecraft:cherry_planks":100,"pointblank:guninternals":51,"minecraft:raw_iron":144,"minecraft:fishing_rod":1,"minecraft:smooth_stone_slab":6,"minecraft:iron_nugget":27,"minecraft:diamond_hoe":1,"minecraft:furnace":5,"minecraft:blast_furnace":1,"minecraft:bone_meal":126,"minecraft:raw_copper_block":14,"travelersbackpack:blank_upgrade":4,"travelersbackpack:gold_tier_upgrade":1,"minecraft:glass_pane":16,"useless_sword:emerald_chestplate":1,"minecraft:diamond_boots":1,"iceandfire:armor_silver_metal_boots":1,"minecraft:lead":2,"travelersbackpack:spider":3,"minecraft:wheat":747,"minecraft:cooked_beef":18,"iceandfire:silver_ingot":16,"pointblank:gunmetal_ingot":316,"pointblank:processor":1,"minecraft:enchanting_table":1,"travelersbackpack:backpack_tank":2,"useless_sword:pillager_dagger":1,"iceandfire:tide_trident":2,"simplyswords:iron_halberd":2,"minecraft:bucket":1,"minecraft:stone_axe":1,"minecraft:bread":197,"minecraft:air":0,"iceandfire:armor_silver_metal_helmet":1,"iceandfire:stymphalian_bird_dagger":2,"minecraft:iron_shovel":1,"minecraft:iron_leggings":2,"minecraft:armor_stand":6,"minecraft:anvil":1,"minecraft:white_bed":1,"minecraft:torch":140},"minecraft:dropped":{"iceandfire:raw_silver":3,"minecraft:candle":1,"naturalist:antler":1,"minecraft:diamond_axe":1,"minecraft:cooked_beef":3,"minecraft:baked_potato":1,"minecraft:glow_ink_sac":3,"dynamictrees:cocoa_seed":2,"minecraft:glass_bottle":5,"minecraft:diamond":2,"minecraft:crafting_table":2,"minecraft:cooked_porkchop":3,"pointblank:glock17":1,"iceandfire:ice_dragon_flesh":19,"iceandfire:fire_dragon_flesh":14,"minecraft:leather":2,"simplyswords:iron_halberd":1,"dynamictrees:spruce_seed":1,"minecraft:dirt":77,"dynamictrees:jungle_seed":1,"minecraft:birch_fence":1,"minecraft:dark_oak_log":10,"iceandfire:sea_serpent_scales_red":3,"minecraft:mutton":3,"useless_sword:guardian_spikes":1,"useless_sword:pillager_dagger":1,"gravestone:obituary":25,"minecraft:gold_nugget":9,"anonimusmc_ben10:prototype":5,"minecraft:iron_pickaxe":1,"minecraft:white_wool":9,"pointblank:rhino":3,"minecraft:bone":6,"minecraft:gravel":60,"minecraft:white_tulip":6,"enemyexpansion:horsehead_helmet":1,"minecraft:stone_axe":1,"minecraft:blackstone":1,"minecraft:iron_nugget":8,"dynamictrees:oak_seed":2,"minecraft:cobbled_deepslate":16,"minecraft:pointed_dripstone":1,"minecraft:rotten_flesh":118,"minecraft:oak_planks":4,"iceandfire:frozen_stone":1,"pointblank:spas12":3,"supplementaries:antique_ink":2,"supplementaries:ash":44,"pointblank:ammo357":5,"naturalist:venison":1,"minecraft:melon_seeds":13,"dynamictrees:mangrove_roots":2,"minecraft:arrow":11,"minecraft:beef":6,"minecraft:iron_ingot":1,"minecraft:bread":3,"minecraft:oak_slab":3,"minecraft:wheat_seeds":399,"dynamictrees:birch_seed":1,"minecraft:mossy_cobblestone":2,"minecraft:dripstone_block":1,"travelersbackpack:chicken":2,"dynamictrees:dark_oak_seed":1,"minecraft:prismarine_shard":1,"mcwbridges:rope_oak_bridge":2,"minecraft:oak_fence":1,"minecraft:cobblestone":23,"naturalist:glow_goop":1,"minecraft:copper_ingot":42,"iceandfire:lightning_dragon_flesh":1,"minecraft:spruce_stairs":6,"minecraft:grass_block":1,"mcwbridges:oak_log_bridge_middle":1,"minecraft:stick":32,"minecraft:ink_sac":3,"travelersbackpack:blank_upgrade":2,"iceandfire:armor_silver_metal_chestplate":1,"travelersbackpack:spider":1,"minecraft:wither_rose":5,"minecraft:white_banner":1,"pointblank:ammo12gauge":1,"minecraft:string":26,"iceandfire:dragon_skull_fire":4,"minecraft:spruce_sapling":2,"minecraft:raw_copper":6,"minecraft:tuff":1,"minecraft:stone_shovel":2,"minecraft:chicken":9,"minecraft:iron_boots":3,"neapolitan:ice_cubes":5,"minecraft:stone_slab":2,"minecraft:glass_pane":14,"pointblank:gunmetal_nugget":7,"supplementaries:quiver":3,"iceandfire:sea_serpent_arrow":4,"minecraft:allium":4,"dynamictrees:warped_seed":1,"minecraft:spruce_planks":2,"minecraft:spruce_trapdoor":1,"minecraft:diamond_pickaxe":1,"minecraft:iron_chestplate":1,"minecraft:andesite":31,"iceandfire:silver_ingot":7,"minecraft:spider_eye":2,"iceandfire:fire_dragon_heart":2,"minecraft:bow":2,"minecraft:stone_pickaxe":1,"minecraft:raw_gold":3,"iceandfire:sea_serpent_fang":4},"minecraft:killed":{"naturalist:zebra":3,"minecraft:cave_spider":5,"iceandfire:hippogryph":1,"enemyexpansion:equestrian":4,"minecraft:spider":24,"naturalist:robin":3,"iceandfire:stymphalian_bird":8,"minecraft:skeleton":47,"minecraft:guardian":4,"minecraft:chicken":18,"minecraft:silverfish":8,"enemyexpansion:vampflyer":1,"artifacts:mimic":2,"minecraft:pig":10,"minecraft:zombie_villager":1,"naturalist:firefly":1,"naturalist:snake":1,"minecraft:creeper":48,"minecraft:sheep":14,"minecraft:pillager":5,"enemyexpansion:meature":3,"cataclysm:deepling_brute":1,"minecraft:zombie":207,"enemyexpansion:vampire":1,"enemyexpansion:botfly":37,"minecraft:glow_squid":2,"cave_dweller:cave_dweller":2,"apollyon:the_damned":11,"iceandfire:sea_serpent":3,"minecraft:cow":17,"enemyexpansion:trollenraged":1,"enemyexpansion:intruder":1,"minecraft:vindicator":3,"enemyexpansion:direwolf":17,"enemyexpansion:faller":1,"naturalist:deer":2,"iceandfire:fire_dragon":3,"enemyexpansion:silverqueen":1,"naturalist:bass":5,"iceandfire:hippocampus":1,"iceandfire:cyclops":3,"naturalist:butterfly":1,"enemyexpansion:sprinter":5,"minecraft:ravager":1,"slenderman:slenderman":1,"ecologics:squirrel":2,"enemyexpansion:huntsman":3,"iceandfire:ice_dragon":5,"minecraft:villager":1,"minecraft:enderman":4,"enemyexpansion:slugger":5},"minecraft:picked_up":{"minecraft:wheat":201,"pointblank:spas12":3,"useless_sword:guardian_spikes":1,"minecraft:flower_pot":1,"minecraft:prismarine_shard":1,"minecraft:lead":13,"minecraft:smithing_table":1,"minecraft:stone_slab":8,"mcwbridges:rope_oak_bridge":27,"minecraft:wither_rose":14,"travelersbackpack:spider":1,"minecraft:string":85,"minecraft:raw_copper":353,"neapolitan:banana_bunch":3,"minecraft:zombie_head":1,"minecraft:gold_nugget":9,"dynamictrees:dark_oak_seed":1,"mcwbridges:oak_log_bridge_middle":3,"minecraft:cobbled_deepslate":99,"minecraft:spruce_planks":10,"minecraft:white_tulip":8,"dynamictrees:oak_seed":2,"minecraft:melon_slice":46,"pointblank:workstation":2,"minecraft:iron_boots":1,"minecraft:furnace":6,"minecraft:stick":40,"minecraft:oak_fence":5,"minecraft:torch":72,"iceandfire:dragonscales_white":136,"minecraft:spruce_stairs":107,"minecraft:porkchop":18,"iceandfire:lightning_dragon_flesh":7,"minecraft:cherry_log":29,"minecraft:pointed_dripstone":1,"minecraft:diorite":31,"minecraft:deepslate_tile_stairs":2,"minecraft:rotten_flesh":223,"supplementaries:antique_ink":2,"iceandfire:fire_dragon_heart":4,"travelersbackpack:chicken":2,"supplementaries:quiver":3,"supplementaries:ash":58,"minecraft:obsidian":4,"minecraft:cobblestone":498,"minecraft:birch_log":64,"minecraft:enchanting_table":4,"minecraft:magma_block":5,"minecraft:feather":25,"minecraft:cooked_beef":5,"minecraft:cherry_planks":12,"minecraft:andesite":73,"minecraft:brown_wool":1,"minecraft:smoker":1,"minecraft:potato":1,"minecraft:flint":2,"minecraft:tuff":10,"supplementaries:flax_seeds":8,"minecraft:dirt":660,"minecraft:lapis_lazuli":175,"minecraft:bone":62,"minecraft:bow":3,"minecraft:wheat_seeds":657,"minecraft:orange_tulip":6,"minecraft:raw_gold":27,"dynamictrees:warped_seed":1,"minecraft:bamboo":7,"naturalist:snail_shell":1,"minecraft:oak_planks":84,"minecraft:cooked_porkchop":8,"iceandfire:dragonscales_sapphire":11,"iceandfire:dragon_skull_fire":4,"iceandfire:shiny_scales":1,"minecraft:sand":3,"minecraft:ink_sac":3,"iceandfire:lightning_dragon_heart":1,"iceandfire:stymphalian_bird_feather":17,"minecraft:grass_block":1,"minecraft:trapped_chest":1,"minecraft:dark_oak_log":10,"minecraft:mossy_cobblestone":2,"dynamictrees:mangrove_roots":2,"naturalist:antler":1,"minecraft:diamond":105,"artifacts:golden_hook":1,"iceandfire:dragon_ice":1,"iceandfire:seaserpent_skull":1,"minecraft:emerald":20,"minecraft:bread":3,"iceandfire:raw_silver":18,"minecraft:diamond_pickaxe":1,"iceandfire:dragon_skull_lightning":1,"minecraft:crafting_table":5,"minecraft:allium":4,"minecraft:chicken":19,"naturalist:venison":1,"dynamictrees:spruce_seed":3,"gravestone:obituary":12,"minecraft:shield":1,"iceandfire:sea_serpent_scales_blue":9,"minecraft:moss_carpet":1,"minecraft:red_bed":3,"iceandfire:frozen_stone":18,"artifacts:power_glove":1,"minecraft:birch_fence":1,"minecraft:blackstone":136,"supplementaries:bomb":5,"minecraft:candle":3,"pointblank:rhino":4,"minecraft:beef":34,"iceandfire:sea_serpent_arrow":4,"minecraft:iron_nugget":20,"minecraft:sugar_cane":119,"minecraft:chest":3,"minecraft:spruce_trapdoor":2,"useless_sword:ravager_leather":1,"dynamictrees:cocoa_seed":2,"iceandfire:ice_dragon_heart":5,"minecraft:egg":1,"minecraft:raw_iron":324,"minecraft:sandstone":9,"iceandfire:dragonbone":89,"iceandfire:dragonscales_green":7,"minecraft:copper_ingot":160,"pointblank:gunmetal_nugget":554,"minecraft:carrot":11,"minecraft:redstone":24,"iceandfire:dragon_skull_ice":5,"minecraft:tnt":1,"minecraft:arrow":33,"iceandfire:cyclops_eye":1,"minecraft:stone_shovel":2,"minecraft:hay_block":154,"minecraft:saddle":1,"minecraft:mutton":31,"minecraft:skeleton_skull":2,"minecraft:white_wool":15,"enemyexpansion:horsehead_helmet":1,"iceandfire:sea_serpent_fang":16,"minecraft:glow_ink_sac":3,"minecraft:leather":35,"minecraft:oak_log":3,"minecraft:gunpowder":56,"iceandfire:dragonscales_blue":48,"minecraft:white_banner":2,"naturalist:glow_goop":1,"naturalist:bass":4,"minecraft:stone_bricks":7,"neapolitan:ice_cubes":5,"minecraft:iron_ingot":24,"minecraft:stone_pickaxe":1,"dynamictrees:birch_seed":1,"minecraft:cobweb":35,"anonimusmc_ben10:prototype":6,"minecraft:glass_bottle":5,"iceandfire:fire_dragon_flesh":14,"minecraft:oak_slab":3,"pointblank:glock17":1,"minecraft:raw_iron_block":1,"minecraft:dripstone_block":1,"minecraft:gravel":60,"minecraft:amethyst_shard":4,"minecraft:spruce_sapling":7,"minecraft:blast_furnace":1,"minecraft:spruce_log":82,"pointblank:printer":5,"minecraft:spider_eye":5,"travelersbackpack:standard":1,"minecraft:slime_ball":1,"minecraft:stone_axe":2,"dynamictrees:jungle_seed":1,"iceandfire:sea_serpent_scales_red":8,"dynamictrees:cherry_seed":14,"iceandfire:ice_dragon_flesh":20,"minecraft:baked_potato":1,"minecraft:melon_seeds":13,"minecraft:black_wool":1,"minecraft:coal":194,"minecraft:ender_pearl":1},"minecraft:mined":{"minecraft:attached_melon_stem":2,"minecraft:sculk_vein":1,"minecraft:obsidian":4,"anonimusmc_ben10:goop_block":4,"minecraft:spruce_trapdoor":2,"minecraft:grass_block":309,"minecraft:deepslate_tile_stairs":2,"minecraft:spawner":8,"minecraft:raw_iron_block":1,"minecraft:sculk_catalyst":5,"minecraft:iron_ore":261,"minecraft:fire":35,"minecraft:cobbled_deepslate":7,"minecraft:deepslate_lapis_ore":7,"minecraft:enchanting_table":4,"minecraft:pointed_dripstone":1,"minecraft:azalea_leaves":3,"minecraft:orange_bed":1,"minecraft:deepslate_redstone_ore":4,"minecraft:red_bed":3,"minecraft:blackstone":109,"minecraft:melon_stem":4,"minecraft:smoker":1,"minecraft:soul_fire":2,"minecraft:torch":11,"minecraft:blast_furnace":1,"minecraft:melon":10,"minecraft:chest":1,"iceandfire:sapphire_ore":1,"minecraft:cobblestone":106,"minecraft:oak_planks":19,"minecraft:sugar_cane":70,"minecraft:wall_torch":9,"minecraft:deepslate_copper_ore":18,"minecraft:birch_log":64,"minecraft:wheat":238,"minecraft:tnt":1,"minecraft:wither_rose":1,"minecraft:grass":68,"minecraft:oak_log":2,"minecraft:sand":3,"minecraft:dirt":316,"minecraft:smooth_basalt":1,"minecraft:deepslate":125,"minecraft:diamond_ore":3,"minecraft:tuff":20,"iceandfire:silver_ore":18,"minecraft:mossy_cobblestone":2,"minecraft:deepslate_diamond_ore":102,"minecraft:dark_oak_log":12,"iceandfire:frozen_cobblestone":2,"gravestone:gravestone":10,"minecraft:glow_lichen":1,"minecraft:allium":1,"iceandfire:frozen_stone":1,"minecraft:decorated_pot":1,"mcwbridges:rope_oak_bridge":28,"minecraft:spruce_leaves":22,"dynamictrees:cherry_sapling":1,"iceandfire:dragon_ice":1,"minecraft:sandstone":9,"minecraft:moss_block":1,"minecraft:large_fern":3,"minecraft:hay_block":155,"minecraft:redstone_ore":1,"neapolitan:banana_bundle":1,"minecraft:spruce_sapling":1,"minecraft:furnace":6,"minecraft:acacia_stairs":1,"minecraft:andesite":60,"supplementaries:gunpowder":1,"minecraft:peony":1,"minecraft:deepslate_iron_ore":66,"minecraft:vine":1,"minecraft:bamboo":1,"minecraft:white_tulip":6,"minecraft:stone":410,"minecraft:white_wool":1,"minecraft:smithing_table":1,"minecraft:glass_pane":1,"minecraft:oak_fence":5,"minecraft:crafting_table":3,"minecraft:emerald_ore":4,"minecraft:sculk_sensor":3,"minecraft:stone_slab":7,"minecraft:copper_ore":102,"minecraft:tall_grass":38,"minecraft:lapis_ore":16,"minecraft:deepslate_gold_ore":17,"mcwbridges:oak_log_bridge_middle":3,"minecraft:sculk":31,"minecraft:diorite":14,"supplementaries:urn":47,"minecraft:spruce_stairs":110,"minecraft:ice":3,"minecraft:spruce_log":81,"minecraft:coal_ore":143,"minecraft:gravel":83,"minecraft:dripstone_block":2,"pointblank:workstation":2,"minecraft:cobweb":106,"minecraft:acacia_planks":1,"minecraft:stone_bricks":7,"minecraft:gold_ore":5,"pointblank:printer":5,"minecraft:birch_fence":1,"minecraft:fern":6},"minecraft:custom":{"minecraft:animals_bred":11,"minecraft:interact_with_crafting_table":296,"minecraft:open_barrel":32,"minecraft:bell_ring":4,"minecraft:eat_cake_slice":2,"minecraft:leave_game":14,"minecraft:time_since_death":149705,"minecraft:sprint_one_cm":1495468,"minecraft:damage_blocked_by_shield":4887,"minecraft:drop":262,"minecraft:talked_to_villager":2,"minecraft:play_time":760592,"minecraft:deaths":13,"minecraft:jump":15287,"minecraft:walk_on_water_one_cm":95433,"minecraft:enchant_item":12,"minecraft:interact_with_furnace":144,"minecraft:sleep_in_bed":8,"minecraft:damage_dealt":92786,"minecraft:player_kills":7,"minecraft:crouch_one_cm":116706,"minecraft:interact_with_smoker":35,"minecraft:interact_with_smithing_table":11,"minecraft:mob_kills":571,"minecraft:damage_dealt_resisted":144,"minecraft:climb_one_cm":4560,"minecraft:walk_one_cm":1114772,"minecraft:raid_win":1,"minecraft:sneak_time":45106,"minecraft:walk_under_water_one_cm":114363,"minecraft:interact_with_blast_furnace":151,"minecraft:total_world_time":760592,"minecraft:raid_trigger":1,"minecraft:interact_with_grindstone":1,"minecraft:time_since_rest":149730,"minecraft:damage_absorbed":77,"minecraft:damage_taken":16688,"minecraft:trigger_trapped_chest":2,"minecraft:swim_one_cm":197790,"minecraft:fly_one_cm":4679955,"minecraft:open_chest":278,"minecraft:fall_one_cm":462394}},"DataVersion":3465}